USE apa_db;

-- Additional Players (IDs 4-40)
INSERT INTO Player
  (player_id, username, region, join_date, current_rank,
   current_rank_points, current_rank_position, total_matches,
   current_win_rate, overall_accuracy, team_id, rank_tier_id,
   created_at, updated_at)
VALUES
  (4,'xXApexPredXx','NA','2023-01-24','Gold',2006,115,162,27.09,50.45,35,1,'2023-01-24','2023-01-24'),
  (5,'ShadowWraith','ME','2023-07-02','Bronze',767,112,258,20.16,21.19,13,6,'2023-07-02','2023-07-02'),
  (6,'OctaneMain69','ME','2023-07-08','Platinum',4827,143,26,27.76,27.18,28,3,'2023-07-08','2023-07-08'),
  (7,'LobaPurse','APAC','2023-03-07','Predator',2757,53,114,16.4,36.15,23,5,'2023-03-07','2023-03-07'),
  (8,'NightCrawler','APAC','2023-01-24','Platinum',4392,64,407,7.36,33.19,24,5,'2023-01-24','2023-01-24'),
  (9,'FragOut99','EU','2023-12-03','Bronze',5417,117,316,34.56,58.49,7,4,'2023-12-03','2023-12-03'),
  (10,'IronSights','APAC','2023-08-21','Predator',2988,84,399,15.66,50.16,5,5,'2023-08-21','2023-08-21'),
  (11,'BangBangBang','EU','2023-09-24','Silver',1338,237,408,13.1,61.64,15,6,'2023-09-24','2023-09-24'),
  (12,'BloodHoundDog','APAC','2023-01-08','Predator',262,413,343,17.03,22.98,21,2,'2023-01-08','2023-01-08'),
  (13,'CryptoKing','SA','2023-07-21','Platinum',1170,136,162,12.4,45.26,17,6,'2023-07-21','2023-07-21'),
  (14,'WattsonWizard','ME','2023-07-19','Platinum',2965,113,161,20.29,24.09,4,7,'2023-07-19','2023-07-19'),
  (15,'CausticGas','NA','2023-03-21','Silver',6488,349,452,22.89,37.31,30,5,'2023-03-21','2023-03-21'),
  (16,'RampartWall','APAC','2023-09-28','Bronze',5572,370,137,25.45,44.16,18,7,'2023-09-28','2023-09-28'),
  (17,'MirageClone','APAC','2023-02-10','Platinum',1295,233,23,33.61,59.41,17,5,'2023-02-10','2023-02-10'),
  (18,'PathfinderBot','EU','2023-09-04','Predator',5122,153,674,20.23,28.95,24,7,'2023-09-04','2023-09-04'),
  (19,'HorizonGrav','EU','2023-09-25','Diamond',7524,1,633,14.72,20.88,24,7,'2023-09-25','2023-09-25'),
  (20,'ValkyrieWings','APAC','2023-04-02','Silver',7192,291,100,7.57,41.87,5,7,'2023-04-02','2023-04-02'),
  (21,'RevenantSoul','ME','2023-03-05','Master',3893,485,582,9.95,43.75,28,2,'2023-03-05','2023-03-05'),
  (22,'AlterEgo','ME','2023-12-23','Silver',5840,160,428,34.85,49.24,29,5,'2023-12-23','2023-12-23'),
  (23,'SeerVision','SA','2023-02-08','Silver',524,174,41,22.65,30.36,15,1,'2023-02-08','2023-02-08'),
  (24,'VantageSnipe','NA','2023-12-21','Bronze',1875,35,52,30.79,23.19,16,3,'2023-12-21','2023-12-21'),
  (25,'ConduitPower','SA','2023-04-18','Silver',5925,479,604,22.29,30.93,31,7,'2023-04-18','2023-04-18'),
  (26,'NewcastleShield','SA','2023-04-04','Bronze',5398,221,382,17.71,41.02,4,6,'2023-04-04','2023-04-04'),
  (27,'LifelineHeals','NA','2023-01-13','Master',2779,410,131,12.46,28.56,29,2,'2023-01-13','2023-01-13'),
  (28,'GibraltarDome','SA','2023-03-09','Platinum',2046,448,97,18.29,58.76,7,1,'2023-03-09','2023-03-09'),
  (29,'FuseGrenades','ME','2023-01-03','Predator',6952,122,190,17.19,41.66,26,1,'2023-01-03','2023-01-03'),
  (30,'AshBlade','EU','2023-07-01','Platinum',2172,475,485,13.56,51.35,32,2,'2023-07-01','2023-07-01'),
  (31,'MadMaggieChain','EU','2023-05-07','Bronze',4744,377,575,6.83,34.11,4,5,'2023-05-07','2023-05-07'),
  (32,'BallisticBullet','SA','2023-09-28','Diamond',1289,30,540,7.4,28.36,5,6,'2023-09-28','2023-09-28'),
  (33,'SphinxPro','EU','2023-07-04','Diamond',2016,297,628,6.19,23.69,34,3,'2023-07-04','2023-07-04'),
  (34,'ProPlayer99','APAC','2023-04-22','Master',2573,123,291,16.87,50.23,20,4,'2023-04-22','2023-04-22'),
  (35,'SniperElite','APAC','2023-02-01','Platinum',5088,289,122,7.2,29.59,17,2,'2023-02-01','2023-02-01'),
  (36,'CloseRange','APAC','2023-02-08','Gold',2334,81,468,30.01,51.66,34,1,'2023-02-08','2023-02-08'),
  (37,'SupportMain','ME','2023-05-22','Bronze',7691,450,157,12.93,60.04,10,3,'2023-05-22','2023-05-22'),
  (38,'RotationKing','APAC','2023-10-07','Master',2808,105,723,24.03,31.88,32,3,'2023-10-07','2023-10-07'),
  (39,'FragMaster','NA','2023-02-21','Platinum',6794,142,65,5.11,54.7,17,2,'2023-02-21','2023-02-21'),
  (40,'RankedGrind','SA','2023-09-23','Platinum',4594,5,134,7.26,59.74,10,5,'2023-09-23','2023-09-23');

-- Additional Matches (IDs 4-40)
INSERT INTO `Match`
  (match_id, match_date, season_name, map_name, mode,
   match_duration, tournament_name, source_id)
VALUES
  (4,'2025-01-27','Season 20','Kings Canyon','Mixtape',14,'Ranked Queue',3),
  (5,'2025-01-10','Season 20','World's Edge','Ranked',16,'Public Queue',11),
  (6,'2025-02-12','Season 21','Kings Canyon','Mixtape',14,'Public Queue',3),
  (7,'2025-03-14','Season 18','Storm Point','Mixtape',20,'Ranked Queue',13),
  (8,'2025-11-28','Season 19','Broken Moon','Battle Royale',13,'Ranked Queue',1),
  (9,'2025-08-08','Season 19','Olympus','Ranked',19,'Public Queue',4),
  (10,'2025-01-22','Season 19','Olympus','Ranked',18,'ALGS Pro League',13),
  (11,'2025-05-12','Season 21','Kings Canyon','Ranked',10,'ALGS Pro League',5),
  (12,'2025-03-19','Season 20','World's Edge','Battle Royale',29,'Ranked Queue',6),
  (13,'2025-12-26','Season 20','Olympus','Mixtape',26,'ALGS Pro League',7),
  (14,'2025-10-07','Season 20','World's Edge','Mixtape',23,'ALGS Pro League',9),
  (15,'2025-09-22','Season 19','Broken Moon','Ranked',12,'ALGS Scrims',10),
  (16,'2025-06-22','Season 18','Broken Moon','Mixtape',19,'Ranked Queue',6),
  (17,'2025-07-23','Season 20','Kings Canyon','Battle Royale',16,'Ranked Queue',11),
  (18,'2025-07-22','Season 19','Kings Canyon','Mixtape',19,'Ranked Queue',9),
  (19,'2025-01-10','Season 20','Storm Point','Ranked',28,'Open Tournament',11),
  (20,'2025-06-15','Season 21','Olympus','Mixtape',16,'Open Tournament',8),
  (21,'2025-12-06','Season 18','Broken Moon','Mixtape',30,'Open Tournament',6),
  (22,'2025-02-27','Season 19','Broken Moon','Battle Royale',16,'Public Queue',1),
  (23,'2025-01-08','Season 21','Kings Canyon','Battle Royale',24,'Ranked Queue',11),
  (24,'2025-10-07','Season 21','Olympus','Ranked',17,'Public Queue',11),
  (25,'2025-12-01','Season 18','Olympus','Battle Royale',15,'Open Tournament',8),
  (26,'2025-01-18','Season 19','World's Edge','Ranked',14,'Ranked Queue',11),
  (27,'2025-09-18','Season 20','Olympus','Mixtape',26,'Ranked Queue',9),
  (28,'2025-08-06','Season 21','Olympus','Ranked',17,'ALGS Scrims',13),
  (29,'2025-09-16','Season 19','Broken Moon','Ranked',12,'ALGS Scrims',4),
  (30,'2025-05-11','Season 20','Kings Canyon','Battle Royale',14,'Public Queue',4),
  (31,'2025-07-23','Season 19','Storm Point','Battle Royale',23,'Ranked Queue',6),
  (32,'2025-09-15','Season 21','World's Edge','Battle Royale',23,'Ranked Queue',13),
  (33,'2025-10-23','Season 18','Kings Canyon','Ranked',25,'ALGS Pro League',6),
  (34,'2025-05-25','Season 21','Olympus','Mixtape',27,'Open Tournament',4),
  (35,'2025-08-08','Season 20','Olympus','Ranked',10,'Ranked Queue',6),
  (36,'2025-11-22','Season 21','Storm Point','Ranked',14,'Open Tournament',9),
  (37,'2025-01-13','Season 18','World's Edge','Mixtape',23,'Public Queue',8),
  (38,'2025-03-02','Season 20','Olympus','Ranked',16,'Ranked Queue',6),
  (39,'2025-06-25','Season 21','Broken Moon','Ranked',18,'ALGS Pro League',8),
  (40,'2025-01-24','Season 18','Broken Moon','Battle Royale',30,'ALGS Pro League',13);

-- PlayerMatchPerformance
INSERT INTO PlayerMatchPerformance
  (performance_id, player_id, match_id, legend_id, death_location_id,
   weapon_id, kills, deaths, assists, damage, win_flag,
   accuracy_pct, placement, knockdowns, survival_time,
   rank_points_change, is_included_in_analysis, is_active)
VALUES
  (100,3,2,8,13,27,0,1,1,529.2,0,48.45,7,1,1552,8,1,1),
  (101,11,39,20,48,23,1,1,2,467.5,1,34.85,13,1,1584,1,1,1),
  (102,16,7,23,50,10,10,0,6,3445.1,0,36.75,14,10,878,-16,1,1),
  (103,22,1,14,32,4,6,2,5,3131.4,0,26.26,6,5,1188,99,1,1),
  (104,40,35,25,31,15,6,2,2,2995.8,0,22.68,15,1,1656,35,1,1),
  (105,25,22,1,32,28,5,1,3,821.2,0,36.38,20,5,685,47,1,1),
  (106,13,6,8,47,14,7,1,5,1718.7,0,42.2,1,1,722,4,1,1),
  (107,16,20,22,38,12,7,2,3,3488.5,0,37.0,15,4,747,8,1,1),
  (108,13,21,4,48,18,12,1,1,835.7,0,57.13,17,9,699,-12,1,1),
  (109,19,15,12,12,10,0,1,2,254.8,1,33.78,5,1,330,87,1,1),
  (110,19,31,16,29,11,2,0,2,3299.6,0,62.39,13,1,271,49,1,1),
  (111,4,10,5,37,10,1,1,0,1997.4,0,50.19,20,0,1708,42,1,1),
  (112,29,20,19,28,10,9,0,4,3364.4,1,59.19,7,4,1472,-14,1,1),
  (113,12,36,3,11,1,6,3,5,2119.0,0,30.5,10,5,1049,-15,1,1),
  (114,17,38,22,13,14,1,1,5,606.6,0,25.68,2,0,1743,15,1,1),
  (115,37,19,15,8,15,11,2,5,1468.5,0,47.16,15,1,1344,-19,1,1),
  (116,21,39,9,2,3,3,0,6,2385.8,0,20.17,6,3,1182,59,1,1),
  (117,18,12,19,28,21,7,0,3,1283.1,0,54.19,6,5,963,64,1,1),
  (118,26,36,2,30,3,5,2,2,494.1,0,64.71,1,5,1231,35,1,1),
  (119,13,34,12,40,25,7,3,6,275.5,0,25.07,10,7,1550,38,1,1),
  (120,39,16,23,11,10,8,0,4,1487.2,0,63.44,4,7,360,58,1,1),
  (121,32,19,17,46,9,6,3,3,928.7,0,38.71,20,4,1648,88,1,1),
  (122,5,18,25,27,11,12,2,6,108.7,0,63.22,19,10,1122,86,1,1),
  (123,35,31,12,22,18,12,3,3,3271.7,0,70.96,8,9,904,5,1,1),
  (124,27,3,11,48,16,11,3,3,3460.6,0,53.21,5,7,195,-8,1,1),
  (125,38,22,4,29,4,8,3,0,2556.3,0,53.36,5,1,1081,76,0,1),
  (126,22,40,23,26,21,1,2,6,2392.8,0,69.52,16,0,1384,-16,1,1),
  (127,6,28,4,49,21,11,0,3,665.6,0,19.56,11,0,720,21,1,1),
  (128,10,16,17,27,19,10,1,1,695.2,0,38.66,8,7,1314,-6,1,1),
  (129,17,30,9,43,1,12,3,2,2403.9,0,41.85,12,9,732,57,0,1),
  (130,20,13,13,31,4,3,3,4,1320.5,0,55.76,1,3,682,-23,1,1),
  (131,4,39,24,32,27,4,1,4,2826.6,0,28.27,9,1,1406,-12,0,1),
  (132,3,20,26,29,2,9,2,5,546.8,0,35.64,14,2,531,-8,1,1),
  (133,24,34,17,18,27,2,2,6,3310.2,0,33.94,11,0,1079,99,1,1),
  (134,15,26,26,36,12,1,3,0,999.2,1,37.9,9,1,1427,96,1,1),
  (135,15,31,1,40,29,8,2,4,852.6,1,62.49,10,6,358,-7,1,1),
  (136,32,8,4,16,29,8,1,3,1642.4,0,58.13,18,6,1322,71,1,1),
  (137,27,7,27,32,20,6,2,0,2447.0,0,42.01,8,6,862,-12,0,1),
  (138,24,35,21,23,2,6,2,1,3391.9,0,62.51,3,5,554,58,1,1),
  (139,2,4,26,22,8,2,1,0,2921.4,0,49.66,8,1,1705,-6,1,1),
  (140,39,1,9,10,5,8,2,6,693.3,0,19.39,1,5,1737,76,1,1),
  (141,21,2,6,17,2,2,3,4,486.4,1,42.21,12,2,1335,-11,1,1),
  (142,15,40,2,47,26,10,2,3,2287.4,1,71.92,13,6,1525,-11,1,1),
  (143,29,5,3,21,20,2,0,1,1035.1,0,47.61,11,1,1343,43,1,1),
  (144,33,39,14,7,26,11,0,6,2326.0,0,47.77,7,6,1044,89,1,1),
  (145,22,30,13,27,24,1,2,3,1162.6,0,69.49,16,0,306,82,1,1),
  (146,28,7,24,48,12,12,1,4,303.9,0,48.33,4,6,844,87,1,1),
  (147,28,4,10,39,10,5,0,4,1825.2,0,44.04,4,2,1259,23,1,1),
  (148,18,37,8,28,28,8,0,4,3258.9,0,32.44,6,4,1559,73,1,1),
  (149,22,23,1,12,28,2,3,0,582.4,0,19.66,17,0,890,29,1,1),
  (150,11,24,10,47,11,12,0,0,629.0,0,20.69,3,4,1027,60,1,1),
  (151,39,29,14,18,7,12,0,2,1561.7,0,54.64,16,8,1486,15,1,1),
  (152,26,39,2,1,7,4,1,6,566.6,0,35.72,1,3,1649,31,1,1),
  (153,25,35,23,15,17,8,2,0,1450.0,0,41.56,15,1,761,49,1,1),
  (154,26,27,10,8,13,0,2,1,2824.5,0,62.93,12,0,1014,84,1,1),
  (155,28,38,13,34,3,6,2,5,1254.3,0,27.08,17,5,353,43,1,1),
  (156,23,23,24,42,27,2,1,0,597.9,0,50.53,3,0,1702,56,1,1),
  (157,37,38,15,44,29,9,2,6,3401.3,0,41.75,16,7,1413,14,1,1),
  (158,38,4,12,33,3,4,3,3,227.9,0,33.5,3,4,1336,40,1,1),
  (159,38,36,26,48,29,0,3,6,2043.6,0,50.67,17,0,246,33,1,1),
  (160,22,6,17,42,6,0,1,5,1588.4,0,46.23,6,1,883,93,1,1),
  (161,27,22,22,39,2,12,2,0,1220.9,0,38.87,9,11,1464,99,0,1),
  (162,10,22,3,38,22,2,2,2,3390.2,0,39.17,20,2,293,15,1,1),
  (163,22,9,22,45,27,11,0,5,2379.6,0,18.98,10,2,558,19,0,1),
  (164,32,13,8,9,5,1,2,6,2779.6,0,47.15,17,0,1475,19,1,1),
  (165,40,9,20,25,5,2,1,6,2455.7,0,66.74,15,0,961,22,1,1),
  (166,16,29,20,19,25,11,3,1,1915.6,0,61.67,16,3,873,62,0,1),
  (167,29,30,25,19,25,6,3,1,2877.4,0,25.47,9,0,1433,37,1,1),
  (168,36,7,23,34,28,1,2,0,2694.6,0,66.89,5,1,307,97,0,1),
  (169,29,23,1,27,2,6,2,1,1413.0,1,30.13,11,0,1583,59,1,1),
  (170,10,9,2,19,27,7,1,6,2498.8,0,18.28,3,0,644,3,1,1),
  (171,36,39,17,28,4,12,2,1,1123.9,1,40.67,20,7,248,-10,1,1),
  (172,32,39,18,2,21,8,1,5,588.2,0,51.2,8,6,503,61,1,1),
  (173,34,24,3,34,18,8,0,3,3069.3,1,38.89,12,4,1650,-22,1,1),
  (174,5,23,8,47,22,10,0,6,2078.5,0,25.2,12,8,813,80,1,1),
  (175,30,31,21,12,26,2,0,5,2739.0,0,33.85,2,0,205,16,0,1),
  (176,33,26,27,35,16,4,0,6,2299.5,0,64.56,2,2,679,-9,1,1),
  (177,28,26,24,29,29,6,2,1,1787.1,0,67.91,17,2,1760,-14,1,1),
  (178,39,12,18,19,11,1,0,2,2347.1,0,50.54,14,0,1532,32,1,1),
  (179,3,23,20,28,9,10,0,0,2382.0,0,45.71,6,0,412,84,1,1),
  (180,29,3,5,5,8,12,2,2,1401.7,0,50.68,15,5,881,32,1,1),
  (181,37,9,17,24,13,5,2,1,3365.8,1,28.05,17,3,1270,-9,1,1),
  (182,17,29,7,40,10,11,3,1,517.0,0,42.41,15,1,1779,63,0,1),
  (183,21,23,23,5,18,8,2,2,2994.6,0,68.08,6,5,1161,4,1,1),
  (184,13,9,8,32,1,5,2,3,2832.4,0,51.05,3,0,753,26,0,1),
  (185,31,34,14,50,14,9,0,1,3406.1,0,42.3,17,5,382,88,1,1),
  (186,36,38,6,50,5,6,0,6,522.1,0,26.89,11,5,581,20,0,1),
  (187,34,19,3,17,7,10,2,1,2225.1,0,23.05,6,9,1309,-5,1,1),
  (188,40,39,11,37,2,0,0,0,3325.1,0,32.29,7,1,1385,57,1,1),
  (189,35,19,21,20,16,3,3,2,1642.1,0,26.54,14,3,1071,2,1,1),
  (190,10,21,23,21,24,5,3,1,2686.3,0,23.73,8,3,370,10,1,1),
  (191,10,7,2,19,13,9,3,1,3373.1,0,61.93,19,5,508,73,1,1),
  (192,33,30,16,20,16,0,0,3,1818.5,0,29.62,12,0,223,12,1,1),
  (193,31,19,18,1,28,1,3,1,3100.3,0,59.25,12,0,940,-18,1,1),
  (194,13,24,18,19,3,6,3,6,1969.5,0,51.66,20,0,383,100,1,1),
  (195,24,22,18,24,25,2,1,4,1831.0,0,20.45,5,2,802,78,1,1),
  (196,30,10,20,33,5,5,2,1,1436.0,0,63.5,19,2,1158,82,1,1),
  (197,32,37,10,31,27,0,2,2,2390.9,0,49.52,1,1,663,99,1,1),
  (198,38,37,8,47,2,9,3,1,1882.4,0,59.83,13,2,1514,7,1,1),
  (199,8,13,1,29,11,6,1,3,2447.7,0,59.85,16,6,1626,69,1,1),
  (200,9,34,7,36,11,10,3,4,1381.2,0,42.82,18,5,1238,21,1,1),
  (201,17,40,16,13,8,4,2,1,3301.1,0,59.64,7,3,769,37,1,1),
  (202,18,19,4,37,22,8,3,3,2882.5,0,61.45,10,0,709,98,1,1),
  (203,23,29,21,17,24,7,1,1,2915.0,0,48.35,9,2,343,54,1,1),
  (204,16,16,2,43,29,8,1,5,891.6,1,35.84,16,1,1515,74,1,1),
  (205,36,11,14,42,29,7,3,5,778.2,0,35.34,2,1,1455,49,1,1),
  (206,3,12,14,12,2,6,3,1,3284.5,0,68.01,2,0,731,48,1,1),
  (207,22,19,15,42,18,8,3,1,2993.6,0,28.41,4,5,452,69,1,1),
  (208,17,12,1,48,11,12,2,4,2393.0,0,50.99,13,6,1175,17,1,1),
  (209,7,12,5,31,11,3,0,2,1404.2,0,32.42,11,2,1312,68,1,1),
  (210,17,24,23,16,2,10,0,3,1143.1,0,45.14,10,1,1428,93,0,1),
  (211,24,40,8,15,5,7,1,3,2642.3,0,40.46,18,7,1671,44,1,1),
  (212,14,16,22,49,20,12,0,4,1618.9,0,22.22,19,1,246,82,1,1),
  (213,33,13,19,35,5,2,2,6,1869.2,1,29.09,19,1,306,91,1,1),
  (214,4,30,5,33,14,7,0,4,1672.1,0,57.06,13,4,1792,-24,1,1),
  (215,38,5,2,28,12,11,0,4,3480.0,0,21.73,16,0,707,28,1,1),
  (216,9,27,12,25,15,6,3,0,2421.3,0,47.12,12,0,485,44,1,1),
  (217,9,15,27,1,25,0,2,3,2389.9,0,46.72,8,0,1063,20,1,1),
  (218,13,8,2,43,14,9,0,1,800.7,1,19.81,20,0,621,70,1,1),
  (219,29,15,18,14,25,12,0,1,1813.2,0,62.05,19,5,1302,52,1,1),
  (220,21,16,10,10,22,8,1,3,1121.7,1,69.22,6,6,1258,39,1,1),
  (221,23,25,26,34,11,11,3,3,607.3,0,58.74,16,3,581,14,1,1),
  (222,10,30,2,36,14,6,1,3,925.7,0,52.92,15,6,879,-13,1,1),
  (223,13,4,9,25,22,9,0,6,347.5,0,49.73,18,3,1101,2,1,1),
  (224,22,20,1,14,7,11,0,5,3498.5,0,31.1,20,11,538,26,0,1),
  (225,36,21,25,19,13,7,2,2,989.3,0,44.85,4,7,1679,83,1,1),
  (226,14,24,11,27,2,9,1,5,596.1,0,68.48,19,6,724,-5,1,1),
  (227,15,25,19,16,16,8,2,2,2695.4,0,57.07,16,7,464,69,1,1),
  (228,11,9,24,35,16,2,0,4,215.0,0,69.04,2,0,964,-7,1,1),
  (229,15,5,23,10,1,3,3,2,305.5,0,68.43,16,3,152,-24,1,1),
  (230,27,1,1,34,24,4,2,0,1807.5,0,41.25,6,0,317,43,1,1),
  (231,13,40,17,17,27,5,2,6,1449.4,0,39.93,19,1,1547,4,1,1),
  (232,6,3,3,26,13,6,3,0,2264.9,0,22.47,14,5,1726,18,1,1),
  (233,7,34,2,15,7,11,3,2,258.3,1,67.98,18,9,1467,-20,1,1),
  (234,14,38,5,49,27,11,3,0,1117.5,0,48.6,13,10,1227,18,1,1),
  (235,9,6,17,48,12,0,0,3,889.3,1,50.68,20,1,1704,17,1,1),
  (236,18,29,16,15,12,8,3,3,731.5,0,38.52,20,4,1754,7,1,1),
  (237,6,18,5,25,23,12,1,5,1424.7,0,22.94,10,7,857,73,1,1),
  (238,12,28,15,36,18,8,3,0,189.3,0,23.03,20,5,908,-23,1,1),
  (239,25,6,24,36,29,3,1,5,1394.5,1,34.26,16,1,249,-3,1,1),
  (240,27,20,16,5,12,4,1,5,2225.1,0,28.56,4,1,743,-24,0,1),
  (241,29,22,14,42,20,2,2,2,2150.9,0,43.87,6,1,773,13,1,1),
  (242,16,21,13,18,27,12,3,2,487.2,0,49.98,18,2,1516,74,1,1),
  (243,30,14,15,19,27,11,0,6,2982.5,0,54.34,5,10,740,6,1,1),
  (244,10,28,26,25,3,7,3,4,1462.7,0,67.7,14,0,1739,99,1,1),
  (245,35,39,21,6,4,12,1,5,2360.0,0,51.08,19,10,1507,58,1,1),
  (246,22,28,4,1,4,4,1,4,2639.3,0,55.13,8,3,886,26,1,1),
  (247,38,33,5,23,1,7,0,2,1514.3,0,24.27,5,5,758,19,1,1),
  (248,14,34,16,23,16,1,3,5,2469.0,0,34.21,4,0,822,58,1,1),
  (249,11,16,17,12,18,2,2,4,1549.7,0,61.08,6,0,1431,60,1,1);

-- PlayerWeaponPerformance
INSERT INTO PlayerWeaponPerformance
  (player_weapon_perf_id, player_id, weapon_id, matches_used,
   total_kills, avg_damage, avg_accuracy_pct,
   avg_damage_per_match, usage_rate, kd_ratio)
VALUES
  (100,2,24,44,28,514.7,40.62,412.68,16.81,0.5),
  (101,5,19,11,20,330.87,35.65,325.25,19.43,2.48),
  (102,34,21,25,41,472.05,38.84,399.21,24.36,1.57),
  (103,12,27,48,93,760.43,64.1,787.86,41.97,1.58),
  (104,16,10,12,8,461.31,26.79,440.73,37.8,0.72),
  (105,28,6,36,71,685.4,50.97,822.45,35.52,1.95),
  (106,9,6,25,31,633.59,61.55,748.1,31.65,0.86),
  (107,25,18,37,66,486.39,43.6,527.27,29.41,1.19),
  (108,37,1,55,100,354.37,21.57,315.37,20.88,2.33),
  (109,37,24,54,101,546.72,44.52,562.62,19.73,1.95),
  (110,24,18,57,99,229.13,54.51,233.38,59.44,1.05),
  (111,3,15,21,25,803.54,24.18,920.95,11.46,1.56),
  (112,14,26,52,78,682.39,61.33,712.49,28.55,1.67),
  (113,14,27,18,6,599.05,45.55,622.26,14.26,0.49),
  (114,19,10,41,37,866.68,44.69,1005.4,49.83,0.57),
  (115,27,2,22,44,288.82,61.57,259.9,44.13,2.66),
  (116,26,16,14,21,642.68,50.14,610.59,9.15,1.94),
  (117,6,13,37,38,686.29,62.11,673.85,31.84,1.11),
  (118,6,24,34,48,795.07,58.19,762.54,58.25,1.87),
  (119,32,9,25,21,436.43,47.74,447.98,31.69,0.71),
  (120,4,2,11,17,211.4,64.61,182.48,30.11,2.31),
  (121,28,7,49,19,817.5,34.49,939.94,53.21,0.23),
  (122,24,9,10,14,665.16,51.15,545.91,39.41,1.72),
  (123,15,14,46,14,692.59,20.05,686.16,12.3,0.22),
  (124,29,1,5,8,771.98,67.43,747.99,12.27,0.91),
  (125,25,3,51,16,272.24,37.64,250.38,26.05,0.41),
  (126,9,21,48,21,247.89,47.04,258.83,14.03,0.37),
  (127,14,21,52,22,843.93,49.57,824.48,16.95,0.59),
  (128,9,25,12,21,711.01,36.87,690.93,48.51,1.31),
  (129,6,8,40,79,620.01,49.16,689.2,42.98,2.66),
  (130,20,7,38,68,332.05,38.8,351.46,48.11,2.32),
  (131,16,16,29,10,368.76,50.63,305.48,53.88,0.18),
  (132,24,11,13,15,802.57,47.28,759.36,42.56,1.46),
  (133,5,1,42,11,209.66,30.36,245.1,57.18,0.24),
  (134,19,21,50,67,736.98,40.33,708.17,40.23,1.39),
  (135,10,9,10,12,255.32,64.2,303.76,13.55,0.99),
  (136,38,21,53,86,676.74,23.17,730.52,45.15,2.18),
  (137,4,8,10,16,281.19,49.39,231.14,41.63,1.85),
  (138,12,4,5,5,691.05,27.86,816.27,33.77,1.28),
  (139,17,6,28,11,724.84,61.93,792.38,11.49,0.55),
  (140,22,26,32,20,566.7,32.62,674.38,39.51,0.62),
  (141,33,12,8,10,801.55,28.01,691.68,47.53,1.74),
  (142,8,8,52,68,201.8,61.22,162.43,7.53,1.13),
  (143,10,6,59,7,587.01,63.87,643.52,28.07,0.1),
  (144,27,24,25,20,778.2,47.43,659.73,42.03,0.44),
  (145,15,26,38,8,867.86,23.31,855.74,20.53,0.28),
  (146,21,3,40,61,205.58,29.63,210.83,21.72,1.71),
  (147,30,12,42,66,898.45,57.24,981.99,35.06,2.04),
  (148,10,1,31,4,363.1,36.63,412.42,53.25,0.19),
  (149,1,25,47,51,794.3,54.91,668.47,34.14,0.8),
  (150,32,2,14,25,395.88,22.11,353.36,51.5,1.63),
  (151,24,15,52,13,606.54,44.26,639.83,26.69,0.27),
  (152,4,14,47,19,365.74,32.53,338.68,49.04,0.49),
  (153,21,11,33,37,363.53,65.29,310.62,47.36,0.68),
  (154,7,6,33,62,419.82,25.8,396.02,47.37,1.79),
  (155,30,9,59,18,263.29,58.76,242.67,43.76,0.34),
  (156,21,5,10,10,877.88,39.02,719.49,21.44,1.32),
  (157,12,1,30,57,516.54,55.91,464.86,30.41,2.48),
  (158,9,4,5,3,781.26,67.16,665.86,50.3,0.52),
  (159,6,19,42,36,842.2,23.6,1009.68,15.88,0.98),
  (160,9,3,59,109,766.22,25.88,901.77,7.79,2.63),
  (161,28,27,51,53,547.29,38.37,531.24,24.47,1.46),
  (162,18,9,33,22,224.25,49.72,201.45,21.23,0.61),
  (163,36,16,8,4,395.84,26.59,348.25,53.66,0.51),
  (164,35,26,6,9,747.34,37.24,760.65,31.66,2.12),
  (165,33,11,29,20,325.87,35.31,289.24,54.27,0.88),
  (166,4,26,35,70,450.2,48.03,402.08,13.78,1.5),
  (167,16,9,39,10,734.83,65.49,757.08,59.05,0.23),
  (168,12,6,20,40,422.6,55.43,398.73,37.54,2.41),
  (169,23,19,41,21,594.18,29.04,710.17,53.49,0.51),
  (170,20,6,36,7,263.18,31.17,233.58,33.95,0.1),
  (171,40,7,56,19,438.53,28.52,491.58,52.75,0.19),
  (172,10,19,50,21,742.06,60.63,849.12,57.83,0.37),
  (173,26,19,11,13,411.24,26.55,354.9,57.18,1.53),
  (174,32,21,25,14,695.03,46.97,803.34,38.75,0.48);

-- PlayerLegendPerformance
INSERT INTO PlayerLegendPerformance
  (player_legend_perf_id, player_id, legend_id,
   matches_played, wins, win_rate, avg_damage, kd_ratio)
VALUES
  (100,38,27,27,6,22.22,510.8,3.19),
  (101,9,6,5,1,20.0,973.14,3.54),
  (102,37,2,28,5,17.86,1032.88,4.36),
  (103,15,21,77,3,3.9,1046.18,0.89),
  (104,5,8,49,5,10.2,392.7,4.02),
  (105,6,27,47,7,14.89,259.69,1.18),
  (106,5,12,37,1,2.7,862.35,0.5),
  (107,29,24,58,5,8.62,1001.87,2.37),
  (108,25,12,74,12,16.22,336.21,2.31),
  (109,37,21,33,2,6.06,633.59,3.66),
  (110,3,10,7,1,14.29,471.96,0.74),
  (111,22,6,53,5,9.43,872.19,2.6),
  (112,6,11,66,0,0.0,616.62,3.05),
  (113,39,14,25,0,0.0,336.07,1.16),
  (114,13,14,75,17,22.67,475.48,1.48),
  (115,16,4,11,3,27.27,736.0,3.83),
  (116,10,2,51,0,0.0,613.47,1.54),
  (117,39,16,30,1,3.33,271.88,1.02),
  (118,19,3,65,3,4.62,512.1,1.97),
  (119,32,22,38,1,2.63,795.59,1.93),
  (120,24,13,52,5,9.62,628.91,1.41),
  (121,30,9,33,4,12.12,729.61,0.93),
  (122,7,3,49,12,24.49,710.23,4.38),
  (123,38,8,75,1,1.33,964.68,3.74),
  (124,27,18,65,18,27.69,999.41,2.3),
  (125,6,13,9,2,22.22,735.54,2.47),
  (126,37,22,23,0,0.0,1056.87,2.19),
  (127,11,7,29,2,6.9,286.27,0.63),
  (128,28,7,23,6,26.09,755.79,1.64),
  (129,5,3,54,12,22.22,719.25,3.9),
  (130,34,15,6,1,16.67,345.64,0.93),
  (131,37,19,79,3,3.8,1036.19,2.66),
  (132,7,26,41,8,19.51,998.12,3.99),
  (133,17,13,67,18,26.87,767.62,0.46),
  (134,18,13,23,4,17.39,767.36,3.21),
  (135,3,13,47,11,23.4,451.94,3.43),
  (136,18,12,7,1,14.29,944.78,1.57),
  (137,18,27,67,3,4.48,1076.62,1.26),
  (138,20,24,61,10,16.39,479.01,2.05),
  (139,6,7,61,6,9.84,1026.42,2.01),
  (140,32,25,71,11,15.49,947.86,2.46),
  (141,11,3,44,11,25.0,680.78,0.87),
  (142,34,19,8,0,0.0,413.85,3.8),
  (143,4,8,9,1,11.11,292.98,1.81),
  (144,13,9,52,14,26.92,679.36,2.97),
  (145,8,22,8,0,0.0,566.6,2.79),
  (146,12,16,80,17,21.25,547.3,0.99),
  (147,17,24,16,2,12.5,273.33,0.51),
  (148,37,25,32,3,9.38,800.27,3.15),
  (149,18,21,57,16,28.07,267.04,3.58),
  (150,1,16,21,5,23.81,397.22,3.66),
  (151,15,9,44,11,25.0,1071.97,3.0),
  (152,28,13,49,7,14.29,464.2,2.26),
  (153,34,27,55,3,5.45,256.25,4.5),
  (154,24,18,41,4,9.76,831.75,2.32),
  (155,22,9,46,13,28.26,485.35,3.06),
  (156,20,7,24,3,12.5,1014.73,3.68),
  (157,39,13,45,10,22.22,368.94,0.41),
  (158,32,10,38,6,15.79,593.91,3.39),
  (159,38,23,78,6,7.69,541.69,3.3),
  (160,35,21,65,11,16.92,681.22,3.85),
  (161,36,6,42,1,2.38,650.16,3.41),
  (162,36,25,28,5,17.86,806.27,1.23),
  (163,15,24,44,6,13.64,919.88,1.69),
  (164,17,19,42,7,16.67,973.53,2.28),
  (165,38,19,14,3,21.43,1006.01,2.4),
  (166,25,17,43,6,13.95,295.95,3.89),
  (167,9,7,48,6,12.5,1089.11,4.05),
  (168,30,5,45,13,28.89,858.32,3.57),
  (169,32,11,27,5,18.52,789.32,0.32),
  (170,18,7,26,2,7.69,666.14,3.51),
  (171,6,5,60,13,21.67,592.88,4.35),
  (172,25,1,9,2,22.22,419.5,1.87),
  (173,1,11,72,6,8.33,265.23,0.32),
  (174,16,8,49,4,8.16,359.59,1.91);

-- TeamComposition
INSERT INTO TeamComposition
  (composition_id, match_id, team_id, legend_1, legend_2, legend_3)
VALUES
  (100,38,20,6,3,27),
  (101,3,20,10,15,24),
  (102,34,34,11,14,22),
  (103,9,22,16,12,25),
  (104,13,11,26,13,1),
  (105,15,15,24,5,7),
  (106,2,33,6,4,12),
  (107,3,25,21,9,25),
  (108,35,4,20,2,22),
  (109,7,2,2,23,4),
  (110,27,29,13,4,18),
  (111,17,31,23,5,7),
  (112,1,20,14,22,4),
  (113,34,18,20,23,5),
  (114,27,7,17,24,20),
  (115,8,19,4,26,16),
  (116,13,13,25,9,27),
  (117,34,13,12,23,14),
  (118,19,11,2,18,16),
  (119,14,31,11,8,1),
  (120,1,6,4,27,19),
  (121,32,10,3,25,17),
  (122,5,7,9,21,8),
  (123,30,19,9,15,2),
  (124,7,12,2,10,12),
  (125,21,28,24,4,25),
  (126,3,1,5,22,21),
  (127,11,22,12,15,20),
  (128,18,6,12,27,11),
  (129,12,8,13,15,9),
  (130,25,31,26,14,21),
  (131,11,8,5,23,24),
  (132,4,11,4,14,19),
  (133,31,29,6,20,13),
  (134,23,2,22,27,24),
  (135,9,31,16,4,14),
  (136,29,3,3,9,21),
  (137,21,1,23,22,17),
  (138,37,15,22,11,17),
  (139,34,7,14,22,24),
  (140,16,31,12,22,21),
  (141,25,10,27,18,20),
  (142,4,1,21,6,17),
  (143,31,32,6,3,25),
  (144,32,21,8,11,9),
  (145,4,33,8,18,21),
  (146,25,26,27,8,3),
  (147,30,29,26,19,15),
  (148,6,32,15,11,4),
  (149,32,2,4,13,14);

-- MetaTrend
INSERT INTO MetaTrend
  (meta_trend_id, season_name, patch_version,
   weapon_id, legend_id, usage_rate, win_rate, pick_rate, trend_date)
VALUES
  (100,'Season 18','18.0',26,NULL,29.17,24.71,18.71,'2025-09-18'),
  (101,'Season 19','21.2',NULL,12,38.01,30.05,42.99,'2025-06-19'),
  (102,'Season 21','20.3',4,NULL,8.9,25.79,5.1,'2025-07-01'),
  (103,'Season 20','20.0',NULL,2,40.88,21.3,41.98,'2025-07-29'),
  (104,'Season 18','20.1',7,NULL,9.83,31.01,14.7,'2025-04-08'),
  (105,'Season 20','18.3',NULL,2,42.07,30.61,31.5,'2025-08-19'),
  (106,'Season 21','19.3',1,NULL,26.21,9.31,47.09,'2025-10-27'),
  (107,'Season 21','19.1',NULL,24,37.61,10.8,34.59,'2025-06-14'),
  (108,'Season 21','21.1',9,NULL,20.91,17.26,18.24,'2025-03-10'),
  (109,'Season 19','21.2',NULL,27,33.06,31.24,37.03,'2025-10-11'),
  (110,'Season 19','19.1',20,NULL,33.58,26.54,46.45,'2025-03-09'),
  (111,'Season 19','20.0',NULL,25,19.09,20.97,30.68,'2025-08-02'),
  (112,'Season 20','21.0',17,NULL,9.26,18.28,7.39,'2025-01-29'),
  (113,'Season 19','20.1',NULL,10,32.34,11.95,7.79,'2025-06-01'),
  (114,'Season 19','18.2',27,NULL,23.1,24.63,35.4,'2025-10-15'),
  (115,'Season 19','21.1',NULL,17,36.37,29.57,17.94,'2025-01-25'),
  (116,'Season 21','21.3',26,NULL,44.03,16.44,29.85,'2025-01-07'),
  (117,'Season 20','19.3',NULL,27,14.02,25.11,36.93,'2025-07-08'),
  (118,'Season 19','19.2',15,NULL,12.1,26.43,13.41,'2025-03-30'),
  (119,'Season 18','21.0',NULL,14,16.16,15.13,12.24,'2025-05-11'),
  (120,'Season 18','20.3',23,NULL,42.5,9.08,46.79,'2025-01-27'),
  (121,'Season 20','21.2',NULL,3,36.36,16.58,14.9,'2025-04-05'),
  (122,'Season 18','19.3',18,NULL,26.48,10.48,14.95,'2025-04-20'),
  (123,'Season 20','20.2',NULL,10,13.74,28.32,28.87,'2025-10-15'),
  (124,'Season 18','18.2',15,NULL,14.61,25.34,46.34,'2025-05-05'),
  (125,'Season 18','20.3',NULL,26,42.8,18.42,29.31,'2025-05-25'),
  (126,'Season 18','20.3',16,NULL,6.75,32.25,13.66,'2025-09-21'),
  (127,'Season 18','18.1',NULL,25,26.52,8.2,7.95,'2025-04-20'),
  (128,'Season 21','18.1',18,NULL,38.15,31.72,38.36,'2025-08-11'),
  (129,'Season 18','19.0',NULL,15,33.67,9.02,8.3,'2025-04-02'),
  (130,'Season 20','18.1',9,NULL,21.31,20.18,23.2,'2025-06-11'),
  (131,'Season 18','21.0',NULL,18,5.24,27.45,7.85,'2025-10-27'),
  (132,'Season 18','18.2',17,NULL,9.25,29.25,18.56,'2025-02-14'),
  (133,'Season 20','21.3',NULL,13,37.88,8.83,12.03,'2025-04-23'),
  (134,'Season 19','21.2',21,NULL,10.76,26.29,46.14,'2025-07-11'),
  (135,'Season 18','19.0',NULL,2,5.2,24.11,29.17,'2025-02-13'),
  (136,'Season 20','19.2',7,NULL,21.51,25.44,28.06,'2025-03-24'),
  (137,'Season 19','19.2',NULL,7,9.58,26.12,30.53,'2025-01-28'),
  (138,'Season 21','18.2',22,NULL,7.69,10.65,37.65,'2025-09-07'),
  (139,'Season 20','20.1',NULL,22,31.22,10.7,32.88,'2025-04-10');

-- Goal
INSERT INTO Goal
  (goal_id, player_id, goal_type, target_value, current_value,
   start_date, end_date, goal_status)
VALUES
  (100,21,'Damage Per Match',62,21,'2026-03-23','2026-04-17','In Progress'),
  (101,37,'Accuracy Goal',51,51,'2026-03-14','2026-03-26','Completed'),
  (102,1,'Top 5 Finishes',36,14,'2026-04-09','2026-04-27','In Progress'),
  (103,22,'Damage Per Match',64,57,'2026-03-25','2026-04-10','Failed'),
  (104,36,'Wins This Month',27,20,'2026-01-27','2026-02-11','In Progress'),
  (105,35,'Kills This Week',38,4,'2026-01-01','2026-01-24','In Progress'),
  (106,38,'Accuracy Goal',56,49,'2026-02-02','2026-02-26','Failed'),
  (107,35,'Accuracy Goal',65,19,'2026-03-13','2026-03-27','Failed'),
  (108,9,'Damage Per Match',69,65,'2026-01-13','2026-01-31','In Progress'),
  (109,16,'Accuracy Goal',92,21,'2026-02-15','2026-02-27','In Progress'),
  (110,37,'Accuracy Goal',89,18,'2026-04-12','2026-04-20','In Progress'),
  (111,32,'Kills This Week',13,4,'2026-03-08','2026-03-16','In Progress'),
  (112,34,'Top 5 Finishes',54,30,'2026-04-02','2026-04-10','Failed'),
  (113,7,'Ranked Points Goal',71,35,'2026-03-19','2026-04-12','In Progress'),
  (114,25,'Ranked Points Goal',53,23,'2026-01-17','2026-02-01','Failed'),
  (115,15,'Accuracy Goal',56,22,'2026-03-16','2026-04-07','In Progress'),
  (116,33,'Kills This Week',61,10,'2026-02-03','2026-02-26','Failed'),
  (117,14,'Kills This Week',28,5,'2026-03-20','2026-04-18','In Progress'),
  (118,15,'Damage Per Match',47,46,'2026-01-16','2026-02-13','Failed'),
  (119,31,'Kills This Week',80,20,'2026-04-01','2026-04-15','In Progress'),
  (120,9,'Accuracy Goal',80,20,'2026-02-21','2026-03-16','In Progress'),
  (121,37,'Kills This Week',12,2,'2026-03-06','2026-03-29','Failed'),
  (122,39,'Accuracy Goal',86,2,'2026-03-03','2026-03-16','Failed'),
  (123,39,'Damage Per Match',66,21,'2026-02-27','2026-03-19','In Progress'),
  (124,38,'Kills This Week',84,84,'2026-03-06','2026-04-05','Completed'),
  (125,22,'Damage Per Match',81,75,'2026-01-08','2026-01-27','Failed'),
  (126,9,'Wins This Month',7,3,'2026-04-27','2026-05-08','In Progress'),
  (127,12,'Damage Per Match',83,76,'2026-01-26','2026-02-19','In Progress'),
  (128,6,'Damage Per Match',89,16,'2026-01-25','2026-02-22','Failed'),
  (129,34,'Damage Per Match',52,2,'2026-04-08','2026-04-30','Failed'),
  (130,23,'Accuracy Goal',99,97,'2026-01-14','2026-01-25','Failed'),
  (131,31,'Kills This Week',15,9,'2026-04-09','2026-04-22','In Progress'),
  (132,1,'Accuracy Goal',71,15,'2026-01-13','2026-02-09','In Progress'),
  (133,21,'Damage Per Match',51,6,'2026-02-14','2026-03-13','Failed'),
  (134,17,'Accuracy Goal',59,36,'2026-03-20','2026-04-04','Failed'),
  (135,14,'Damage Per Match',75,71,'2026-04-06','2026-04-24','Failed'),
  (136,17,'Top 5 Finishes',78,44,'2026-04-24','2026-05-05','In Progress'),
  (137,15,'Damage Per Match',94,20,'2026-01-07','2026-01-30','Failed'),
  (138,22,'Accuracy Goal',83,6,'2026-02-13','2026-03-12','In Progress'),
  (139,6,'Kills This Week',65,55,'2026-01-03','2026-01-18','In Progress');

-- TrackedStatEntry
INSERT INTO TrackedStatEntry
  (stat_entry_id, player_id, stat_type, stat_value,
   recorded_date, is_visible)
VALUES
  (100,24,'Highest Kills',15.62,'2025-11-13',0),
  (101,26,'Best Accuracy',16.75,'2025-08-23',0),
  (102,4,'Most Assists',20.69,'2025-11-16',1),
  (103,13,'Most Assists',16.77,'2025-12-17',1),
  (104,3,'Most Assists',15.39,'2025-10-23',1),
  (105,11,'Longest Survival',1.87,'2025-07-21',1),
  (106,11,'Highest Kills',24.92,'2025-12-13',1),
  (107,26,'Win Streak',15.07,'2025-10-01',1),
  (108,5,'Highest Kills',14.19,'2025-11-27',1),
  (109,38,'Most Damage',9.34,'2025-12-09',1),
  (110,13,'Win Streak',23.31,'2025-10-01',1),
  (111,27,'Best Accuracy',3.56,'2025-06-17',1),
  (112,8,'Most Assists',13.32,'2025-08-18',0),
  (113,37,'Most Damage',17.66,'2025-09-19',1),
  (114,16,'Most Assists',9.15,'2025-12-15',1),
  (115,38,'Most Assists',1.66,'2025-06-09',1),
  (116,15,'Longest Survival',17.83,'2025-12-11',1),
  (117,23,'Best Accuracy',13.86,'2025-11-27',1),
  (118,19,'Highest Kills',10.57,'2025-11-27',1),
  (119,36,'Best K/D Ratio',12.44,'2025-08-07',0),
  (120,18,'Best K/D Ratio',23.73,'2025-11-07',1),
  (121,13,'Best K/D Ratio',18.65,'2025-12-09',1),
  (122,13,'Most Assists',6.99,'2025-10-12',1),
  (123,7,'Highest Kills',23.08,'2025-11-22',1),
  (124,1,'Most Assists',21.57,'2025-06-28',1),
  (125,40,'Most Damage',12.82,'2025-10-28',1),
  (126,12,'Most Assists',22.98,'2025-08-13',1),
  (127,37,'Best K/D Ratio',2.3,'2025-12-14',1),
  (128,35,'Highest Kills',13.06,'2025-09-28',1),
  (129,12,'Win Streak',24.44,'2025-11-17',1),
  (130,1,'Highest Kills',17.18,'2025-09-19',1),
  (131,24,'Best Accuracy',21.68,'2025-07-18',1),
  (132,18,'Win Streak',24.0,'2025-08-12',1),
  (133,28,'Best K/D Ratio',11.06,'2025-12-12',1),
  (134,26,'Most Damage',11.82,'2025-10-05',0),
  (135,15,'Most Assists',3.4,'2025-08-26',1),
  (136,28,'Most Assists',10.14,'2025-07-26',0),
  (137,10,'Win Streak',20.34,'2025-07-14',1),
  (138,34,'Best Accuracy',18.29,'2025-12-16',1),
  (139,36,'Most Assists',14.63,'2025-09-04',1),
  (140,4,'Best K/D Ratio',20.53,'2025-09-27',1),
  (141,29,'Longest Survival',9.03,'2025-08-12',1),
  (142,17,'Most Damage',1.48,'2025-06-12',0),
  (143,39,'Best K/D Ratio',14.84,'2025-11-21',1),
  (144,19,'Most Damage',8.8,'2025-10-16',1),
  (145,29,'Highest Kills',10.15,'2025-08-15',1),
  (146,10,'Most Assists',5.02,'2025-12-11',1),
  (147,40,'Best Accuracy',10.71,'2025-06-03',1),
  (148,15,'Most Damage',8.61,'2025-08-23',1),
  (149,26,'Most Damage',22.3,'2025-12-28',0);

-- GameEvent
INSERT INTO GameEvent
  (event_id, event_name, event_type, start_date, end_date, description)
VALUES
  (100,'Collection Event: Awakening','Collection','2026-01-10','2026-01-24','Limited cosmetics event'),
  (101,'Double XP Weekend','XP Boost','2026-02-01','2026-02-03','Earn 2x XP all weekend'),
  (102,'ALGS Pro League Split 1','Tournament','2026-01-15','2026-03-01','ALGS professional league'),
  (103,'Shadow Royale LTM','LTM','2026-02-14','2026-02-28','Special limited time mode'),
  (104,'Season 21 Launch','Season','2026-02-10','2026-04-22','New season begins'),
  (105,'Ranked Split Reset','Ranked','2026-03-01','2026-03-02','Ranked soft reset midseason'),
  (106,'Legends Battle Pass Drop','BP Event','2026-03-15','2026-03-22','Bonus BP XP event'),
  (107,'Anniversary Event','Collection','2026-04-01','2026-04-15','7th anniversary celebration'),
  (108,'Firing Range Challenge','Challenge','2026-04-05','2026-04-12','Weekly challenges'),
  (109,'Triple Take Unvaulted','Weapon','2026-04-10','2026-04-30','Triple Take returns');

-- Notification
INSERT INTO Notification
  (notification_id, player_id, event_id,
   notification_type, sent_date, read_status)
VALUES
  (100,38,108,'Season Alert','2026-04-06',0),
  (101,2,102,'Mode Alert','2026-03-24',0),
  (102,14,102,'Season Alert','2026-01-04',0),
  (103,31,108,'Event Alert','2026-01-25',1),
  (104,34,101,'Event Alert','2026-03-20',0),
  (105,6,106,'Ranked Alert','2026-02-08',1),
  (106,29,102,'Mode Alert','2026-02-01',0),
  (107,23,105,'Season Alert','2026-04-28',1),
  (108,36,107,'Mode Alert','2026-02-19',1),
  (109,37,106,'Ranked Alert','2026-03-16',0),
  (110,6,107,'Ranked Alert','2026-03-14',1),
  (111,10,104,'Event Alert','2026-01-17',0),
  (112,23,104,'Season Alert','2026-01-23',1),
  (113,31,104,'Event Alert','2026-04-26',1),
  (114,39,103,'Event Alert','2026-03-07',1),
  (115,36,106,'Season Alert','2026-02-06',1),
  (116,25,103,'Ranked Alert','2026-01-14',0),
  (117,34,109,'Ranked Alert','2026-03-21',1),
  (118,27,103,'Event Alert','2026-02-05',1),
  (119,8,107,'Season Alert','2026-03-23',1),
  (120,13,105,'Event Alert','2026-02-02',0),
  (121,12,101,'Ranked Alert','2026-03-05',1),
  (122,1,103,'Event Alert','2026-02-01',1),
  (123,14,105,'Season Alert','2026-03-26',1),
  (124,24,107,'Event Alert','2026-03-03',0),
  (125,4,104,'Season Alert','2026-01-18',1),
  (126,12,103,'Ranked Alert','2026-04-27',0),
  (127,8,103,'Season Alert','2026-04-08',0),
  (128,13,107,'Event Alert','2026-02-16',1),
  (129,20,105,'Mode Alert','2026-01-24',0),
  (130,17,107,'Ranked Alert','2026-02-12',0),
  (131,14,101,'Mode Alert','2026-04-11',0),
  (132,11,104,'Event Alert','2026-04-26',0),
  (133,1,100,'Season Alert','2026-02-12',0),
  (134,16,102,'Season Alert','2026-01-22',1),
  (135,4,100,'Ranked Alert','2026-02-23',0),
  (136,9,107,'Mode Alert','2026-03-18',1),
  (137,29,103,'Event Alert','2026-04-12',0),
  (138,17,100,'Season Alert','2026-04-18',1),
  (139,35,107,'Mode Alert','2026-02-18',1);

-- AuditFlag
INSERT INTO AuditFlag
  (audit_flag_id, performance_id, flag_type,
   flag_reason, flag_date, review_status)
VALUES
  (100,182,'Kill Exploit','Accuracy above 95% for extended period','2026-04-07','Banned'),
  (101,219,'Impossible Stats','Damage exceeds expected average by 400%','2026-03-11','Banned'),
  (102,170,'Kill Exploit','Accuracy above 95% for extended period','2026-01-17','Pending'),
  (103,241,'High Accuracy','Damage exceeds expected average by 400%','2026-02-28','Pending'),
  (104,141,'Damage Spike','Accuracy above 95% for extended period','2026-04-07','Pending'),
  (105,117,'High Accuracy','Stats outside recorded possible range','2026-04-22','Banned'),
  (106,235,'Impossible Stats','Stats outside recorded possible range','2026-03-02','Cleared'),
  (107,139,'Damage Spike','Stats outside recorded possible range','2026-01-01','Reviewed'),
  (108,215,'Movement Hack','Accuracy above 95% for extended period','2026-04-26','Pending'),
  (109,175,'Kill Exploit','Stats outside recorded possible range','2026-04-27','Cleared'),
  (110,167,'High Accuracy','Stats outside recorded possible range','2026-03-17','Pending'),
  (111,238,'High Accuracy','Kill count impossible for match duration','2026-01-07','Pending'),
  (112,193,'High Accuracy','Damage exceeds expected average by 400%','2026-04-07','Reviewed'),
  (113,216,'Impossible Stats','Damage exceeds expected average by 400%','2026-02-18','Banned'),
  (114,100,'High Accuracy','Stats outside recorded possible range','2026-03-22','Banned'),
  (115,229,'Movement Hack','Accuracy above 95% for extended period','2026-02-26','Reviewed'),
  (116,197,'Impossible Stats','Movement speed exceeds character max','2026-03-22','Reviewed'),
  (117,147,'Impossible Stats','Stats outside recorded possible range','2026-04-12','Cleared'),
  (118,104,'Impossible Stats','Kill count impossible for match duration','2026-03-14','Banned'),
  (119,161,'Kill Exploit','Stats outside recorded possible range','2026-02-19','Reviewed');

-- ArchivedMatch
INSERT INTO ArchivedMatch
  (archived_match_id, original_match_id, season_name,
   match_date, archived_date)
VALUES
  (100,584,'Season 20','2024-12-09','2026-03-08'),
  (101,658,'Season 19','2024-01-24','2026-01-05'),
  (102,810,'Season 18','2024-09-05','2026-03-01'),
  (103,507,'Season 18','2024-04-28','2026-03-01'),
  (104,990,'Season 20','2024-05-18','2026-02-02'),
  (105,238,'Season 19','2024-06-05','2026-02-05'),
  (106,575,'Season 20','2024-04-08','2026-03-05'),
  (107,294,'Season 20','2024-07-19','2026-02-02'),
  (108,940,'Season 19','2024-08-06','2026-04-10'),
  (109,297,'Season 20','2024-11-10','2026-01-10'),
  (110,590,'Season 18','2024-01-25','2026-03-06'),
  (111,644,'Season 19','2024-02-28','2026-02-10'),
  (112,211,'Season 20','2024-11-13','2026-01-05'),
  (113,736,'Season 18','2024-06-18','2026-02-06'),
  (114,714,'Season 20','2024-04-05','2026-01-07');