DROP DATABASE IF EXISTS apa_db;
CREATE DATABASE IF NOT EXISTS apa_db;

USE apa_db;

CREATE TABLE IF NOT EXISTS Team (
	team_id INT AUTO_INCREMENT PRIMARY KEY,
	team_name VARCHAR(50),
	total_earnings VARCHAR(50)
);

insert into Team (team_id, team_name, total_earnings) values (1, 'TSM', '$67437.59');
insert into Team (team_id, team_name, total_earnings) values (2, 'NRG', '$42898.44');
insert into Team (team_id, team_name, total_earnings) values (3, 'Alliance', '$52337.03');
insert into Team (team_id, team_name, total_earnings) values (4, 'Team Liquid', '$56108.27');
insert into Team (team_id, team_name, total_earnings) values (5, 'Sentinels', '$36634.09');
insert into Team (team_id, team_name, total_earnings) values (6, 'Spacestation Gaming', '$10569.15');
insert into Team (team_id, team_name, total_earnings) values (7, 'Cloud9', '$72595.35');
insert into Team (team_id, team_name, total_earnings) values (8, 'Counter Logic Gaming', '$42348.74');
insert into Team (team_id, team_name, total_earnings) values (9, 'Kungarna EU', '$78129.40');
insert into Team (team_id, team_name, total_earnings) values (10, 'ZETA DIVISION', '$5881.94');
insert into Team (team_id, team_name, total_earnings) values (11, 'Aqualix', '$54173.28');
insert into Team (team_id, team_name, total_earnings) values (12, 'REJECT', '$18794.46');
insert into Team (team_id, team_name, total_earnings) values (13, 'REIGNITE', '$51421.02');
insert into Team (team_id, team_name, total_earnings) values (14, 'ENTER FORCE.36', '$72931.69');
insert into Team (team_id, team_name, total_earnings) values (15, 'Gaimin Gladiators', '$81639.71');
insert into Team (team_id, team_name, total_earnings) values (16, 'Aurora Gaming', '$15908.80');
insert into Team (team_id, team_name, total_earnings) values (17, 'Citadel Gaming', '$94180.11');
insert into Team (team_id, team_name, total_earnings) values (18, 'Made in Heaven', '$82280.15');
insert into Team (team_id, team_name, total_earnings) values (19, 'SJP2', '$67793.24');
insert into Team (team_id, team_name, total_earnings) values (20, 'TheHorde', '$90564.53');
insert into Team (team_id, team_name, total_earnings) values (21, 'Shopify Rebellion', '$56235.55');
insert into Team (team_id, team_name, total_earnings) values (22, 'JD Gaming', '$74646.77');
insert into Team (team_id, team_name, total_earnings) values (23, 'LEGACY', '$88747.37');
insert into Team (team_id, team_name, total_earnings) values (24, 'LeaveNoWitness', '$78761.74');
insert into Team (team_id, team_name, total_earnings) values (25, 'Fennel', '$52603.20');
insert into Team (team_id, team_name, total_earnings) values (26, 'Fnatic', '$41553.26');
insert into Team (team_id, team_name, total_earnings) values (27, 'TIE', '$41453.29');
insert into Team (team_id, team_name, total_earnings) values (28, 'Gen.G Esports', '$91783.70');
insert into Team (team_id, team_name, total_earnings) values (29, 'Wolves Esports', '$87578.39');
insert into Team (team_id, team_name, total_earnings) values (30, 'Weibo Gaming', '$23055.31');
insert into Team (team_id, team_name, total_earnings) values (31, '789', '$25195.42');
insert into Team (team_id, team_name, total_earnings) values (32, 'Acend', '$8780.68');
insert into Team (team_id, team_name, total_earnings) values (33, 'Forge', '$81465.50');
insert into Team (team_id, team_name, total_earnings) values (34, 'Outplayed', '$81065.45');
insert into Team (team_id, team_name, total_earnings) values (35, '100T', '$47692.13');

CREATE TABLE IF NOT EXISTS RankTier (
	rank_tier_id INT AUTO_INCREMENT PRIMARY KEY,
	tier_name VARCHAR(8),
	division_name VARCHAR(3),
	min_points INT,
	max_points INT
);
insert into RankTier (rank_tier_id, tier_name, division_name, min_points, max_points) values (1, 'Gold', 'IV', 2000, 2999);
insert into RankTier (rank_tier_id, tier_name, division_name, min_points, max_points) values (2, 'Silver', 'IV', 1000, 1999);
insert into RankTier (rank_tier_id, tier_name, division_name, min_points, max_points) values (3, 'Bronze', 'IV', 0, 999);
insert into RankTier (rank_tier_id, tier_name, division_name, min_points, max_points) values (4, 'Diamond', 'IV', 4000, 4999);
insert into RankTier (rank_tier_id, tier_name, division_name, min_points, max_points) values (5, 'Predator', 'IV', 6000, 999999);
insert into RankTier (rank_tier_id, tier_name, division_name, min_points, max_points) values (6, 'Platinum', 'IV', 3000, 3999);
insert into RankTier (rank_tier_id, tier_name, division_name, min_points, max_points) values (7, 'Master', 'IV', 5000, 5999);

CREATE TABLE IF NOT EXISTS Legend (
  legend_id INT PRIMARY KEY,
  legend_name VARCHAR(50),
  class_type VARCHAR(20)
);

INSERT INTO Legend (legend_id, legend_name, class_type) VALUES
(1,  'Bangalore', 'Assault'),
(2,  'Fuse', 'Assault'),
(3,  'Ash', 'Assault'),
(4,  'Mad Maggie', 'Assault'),
(5,  'Ballistic', 'Assault'),
(6,  'Wraith', 'Skirmisher'),
(7,  'Octane', 'Skirmisher'),
(8,  'Pathfinder', 'Skirmisher'),
(9,  'Horizon', 'Skirmisher'),
(10, 'Valkyrie', 'Skirmisher'),
(11, 'Revenant', 'Skirmisher'),
(12, 'Alter', 'Skirmisher'),
(13, 'Bloodhound', 'Recon'),
(14, 'Crypto', 'Recon'),
(15, 'Seer', 'Recon'),
(16, 'Vantage', 'Recon'),
(17, 'Sparrow', 'Recon'),
(18, 'Lifeline', 'Support'),
(19, 'Gibraltar', 'Support'),
(20, 'Loba', 'Support'),
(21, 'Newcastle', 'Support'),
(22, 'Conduit', 'Support'),
(23, 'Caustic', 'Controller'),
(24, 'Wattson', 'Controller'),
(25, 'Rampart', 'Controller'),
(26, 'Catalyst', 'Controller'),
(27, 'Mirage', 'Controller');

CREATE TABLE IF NOT EXISTS DataSource (
   source_id INT PRIMARY KEY,
   source_name VARCHAR(255),
   source_type VARCHAR(100),
   api_endpoint VARCHAR(255),
   status VARCHAR(50),
   added_date DATE
);

INSERT INTO DataSource (source_id, source_name, source_type, api_endpoint, status) VALUES
(1, 'Apex Legends Official API', 'API', 'https://api.ea.com/apex/v1/stats', 'Active'),
(2, 'Tracker Network', 'API', 'https://api.tracker.gg/apex/v2/profile', 'Active'),
(3, 'Apex Legends Status', 'API', 'https://api.apexlegendsstat.us/v1/player', 'Active'),
(4, 'EA Player Data Export', 'CSV', NULL, 'Inactive'),
(5, 'Community Stats Sheet', 'CSV', NULL, 'Inactive'),
(6, 'Ranked Data Webhook', 'Webhook', 'https://hooks.apex-stats.io/ranked/ingest', 'Active'),
(7, 'Match History Webhook', 'Webhook', 'https://hooks.apex-stats.io/matches/ingest', 'Active'),
(8, 'Kill Feed Stream', 'Webhook', 'https://hooks.apex-stats.io/killfeed/stream', 'Error'),
(9, 'Manual Entry Portal', 'Manual', NULL, 'Active'),
(10, 'Tournament Organizer Feed', 'API', 'https://api.algs.gg/v1/tournament/results', 'Active'),
(11, 'ALGS Event Data', 'API', 'https://api.algs.gg/v1/events', 'Active'),
(12, 'Third Party Stat Aggregator', 'API', 'https://api.apexstat.io/v3/aggregate', 'Pending'),
(13, 'Season Archive Dump', 'CSV', NULL, 'Inactive'),
(14, 'Patch Notes Scraper', 'API', 'https://api.ea.com/apex/v1/patchnotes', 'Active'),
(15, 'Legend Pick Rate Feed', 'API', 'https://api.apexlegendsmeta.com/v1/pickrates', 'Active'),
(16, 'Weapon Meta Feed', 'API', 'https://api.apexlegendsmeta.com/v1/weapons', 'Active'),
(17, 'Player Region Feed', 'API', 'https://api.ea.com/apex/v1/region/players', 'Pending'),
(18, 'Damage Report Webhook', 'Webhook', 'https://hooks.apex-stats.io/damage/report', 'Active'),
(19, 'Squad Performance Export', 'CSV', NULL, 'Inactive'),
(20, 'Ranked Season Summary', 'CSV', NULL, 'Inactive'),
(21, 'Community Leaderboard API', 'API', 'https://api.apexleaderboard.gg/v1/ranked', 'Active'),
(22, 'Streamer Stats Feed', 'API', 'https://api.twitchstats.io/apex/streamers', 'Error'),
(23, 'Map Rotation API', 'API', 'https://api.apexlegendsstat.us/v1/maprotation', 'Active'),
(24, 'Event Schedule Feed', 'API', 'https://api.algs.gg/v1/schedule', 'Active'),
(25, 'Battle Pass Tracker', 'API', 'https://api.ea.com/apex/v1/battlepass', 'Inactive'),
(26, 'Audit Log Webhook', 'Webhook', 'https://hooks.apex-stats.io/audit/flags', 'Active'),
(27, 'Player Goal Sync', 'API', 'https://api.apexstat.io/v3/goals', 'Pending'),
(28, 'Historical Match Archive', 'CSV', NULL, 'Inactive'),
(29, 'Real Time Rank Tracker', 'Webhook', 'https://hooks.apex-stats.io/rank/realtime', 'Active'),
(30, 'Weapon Accuracy Feed', 'API', 'https://api.apexlegendsmeta.com/v1/accuracy', 'Active'),
(31, 'Team Composition Tracker', 'API', 'https://api.apexstat.io/v3/teamcomp', 'Pending'),
(32, 'Placement Stats Feed', 'API', 'https://api.tracker.gg/apex/v2/placement', 'Active'),
(33, 'Survival Time Export', 'CSV', NULL, 'Inactive'),
(34, 'Manual Tournament Entry', 'Manual', NULL, 'Active'),
(35, 'Cross Region Aggregator', 'API', 'https://api.apexleaderboard.gg/v1/regions', 'Error'),
(36, 'Season Meta Snapshot', 'API', 'https://api.apexlegendsmeta.com/v1/snapshot', 'Active'),
(37, 'Knockdown Analytics Feed', 'Webhook', 'https://hooks.apex-stats.io/knockdowns/feed', 'Active'),
(38, 'Death Location Heatmap API', 'API', 'https://api.apexstat.io/v3/deathlocation', 'Pending'),
(39, 'Import Batch Monitor', 'API', 'https://api.apexstat.io/v3/batchmonitor', 'Active'),
(40, 'Legacy Data Migration Export', 'CSV', NULL, 'Inactive');

CREATE TABLE IF NOT EXISTS Weapon (
   weapon_id INT PRIMARY KEY,
   weapon_name VARCHAR(100),
   weapon_type VARCHAR(100),
   ammo_type VARCHAR(100)
);

INSERT INTO Weapon (weapon_id, weapon_name, weapon_type, ammo_type) VALUES
(1, 'R-301 Carbine', 'AR', 'Light'),
(2, 'Flatline', 'AR', 'Heavy'),
(3, 'Hemlok Burst AR', 'AR', 'Heavy'),
(4, 'Havoc Rifle', 'AR', 'Energy'),
(5, 'Nemesis Burst AR', 'AR', 'Energy'),
(6, 'R-99 SMG', 'SMG', 'Light'),
(7, 'Alternator SMG', 'SMG', 'Light'),
(8, 'Prowler Burst PDW', 'SMG', 'Heavy'),
(9, 'C.A.R. SMG', 'SMG', 'Heavy'),
(10, 'Volt SMG', 'SMG', 'Energy'),
(11, 'Spitfire', 'LMG', 'Light'),
(12, 'Devotion LMG', 'LMG', 'Energy'),
(13, 'L-STAR EMG', 'LMG', 'Energy'),
(14, 'Rampage LMG', 'LMG', 'Heavy'),
(15, 'G7 Scout', 'Marksman', 'Light'),
(16, 'Triple Take', 'Marksman', 'Energy'),
(17, '30-30 Repeater', 'Marksman', 'Heavy'),
(18, 'Bocek Compound Bow', 'Marksman', 'Arrows'),
(19, 'Longbow DMR', 'Sniper', 'Sniper'),
(20, 'Charge Rifle', 'Sniper', 'Energy'),
(21, 'Sentinel', 'Sniper', 'Sniper'),
(22, 'Kraber .50-Cal', 'Sniper', 'Mythic'),
(23, 'Peacekeeper', 'Shotgun', 'Shotgun'),
(24, 'EVA-8 Auto', 'Shotgun', 'Shotgun'),
(25, 'Mastiff Shotgun', 'Shotgun', 'Shotgun'),
(26, 'Mozambique Shotgun', 'Shotgun', 'Shotgun'),
(27, 'P2020', 'Pistol', 'Light'),
(28, 'RE-45 Auto', 'Pistol', 'Light'),
(29, 'Wingman', 'Pistol', 'Heavy');

CREATE TABLE IF NOT EXISTS MapLocation (
   location_id INT PRIMARY KEY,
   map_name VARCHAR(100),
   location_name VARCHAR(100),
   x_coord FLOAT,
   y_coord FLOAT
);

INSERT INTO MapLocation (location_id, location_name, x_coord, y_coord) VALUES
(1, 'Skull Town', -122.4194, 37.7749),
(2, 'Bunker', -122.3917, 37.7831),
(3, 'Swamps', -122.4501, 37.7602),
(4, 'Relay', -122.3762, 37.7943),
(5, 'Thunderdome', -122.4312, 37.8012),
(6, 'Market', -122.4089, 37.7689),
(7, 'Hydro Dam', -122.3654, 37.8102),
(8, 'Artillery', -122.4423, 37.8201),
(9, 'Bridges', -122.3891, 37.7512),
(10, 'Repulsor', -122.4678, 37.8311),
(11, 'Fragment East', -104.9903, 39.7392),
(12, 'Fragment West', -105.0023, 39.7441),
(13, 'Lava City', -104.9712, 39.7198),
(14, 'The Tree', -105.0312, 39.7601),
(15, 'Countdown', -104.9534, 39.7823),
(16, 'Sorting Factory', -105.0198, 39.7312),
(17, 'Epicenter', -104.9823, 39.8012),
(18, 'Thermal Station', -105.0445, 39.7891),
(19, 'Skyhook', -104.9601, 39.8201),
(20, 'Survey Camp', -105.0567, 39.7102),
(21, 'Oasis', -73.9857, 40.7484),
(22, 'Gardens', -73.9712, 40.7612),
(23, 'Rift', -74.0023, 40.7391),
(24, 'Hammond Labs', -73.9534, 40.7823),
(25, 'Grow Towers', -74.0145, 40.7201),
(26, 'Estates', -73.9891, 40.7934),
(27, 'Orbital Cannon', -74.0312, 40.7512),
(28, 'Energy Depot', -73.9678, 40.8012),
(29, 'Bonsai Plaza', -74.0089, 40.7689),
(30, 'Docks', -73.9423, 40.8123),
(31, 'Checkpoint', -80.1918, 25.7617),
(32, 'Barometer', -80.2134, 25.7823),
(33, 'Lightning Rod', -80.1756, 25.8012),
(34, 'North Pad', -80.2312, 25.7391),
(35, 'Cascade Falls', -80.1534, 25.8201),
(36, 'Antenna', -80.2489, 25.7512),
(37, 'The Wall', -80.1912, 25.8312),
(38, 'IMC Armories', -80.2678, 25.7689),
(39, 'Trident', -80.1345, 25.7934),
(40, 'Devastated Coast', -80.2891, 25.8102),
(41, 'Eternal Garden', -87.6298, 41.8781),
(42, 'Terraformer', -87.6512, 41.8934),
(43, 'Bionomics', -87.6089, 41.9012),
(44, 'The Divide', -87.6734, 41.8601),
(45, 'Commons', -87.5923, 41.9201),
(46, 'Stasis Array', -87.6945, 41.8391),
(47, 'Catapult', -87.6156, 41.9312),
(48, 'Alpha Base', -87.7112, 41.8512),
(49, 'Jumpdriver', -87.5712, 41.8823),
(50, 'Backup Moon Base', -87.7289, 41.9102);

CREATE TABLE IF NOT EXISTS Player (
   player_id INT PRIMARY KEY,
   username VARCHAR(100),
   region VARCHAR(100),
   join_date DATE,
   current_rank VARCHAR(100),
   current_rank_points INT,
   current_rank_position INT,
   total_matches INT,
   current_win_rate DECIMAL(5,2),
   overall_accuracy DECIMAL(5,2),
   team_id INT,
   rank_tier_id INT,
   created_at DATE,
   updated_at DATE,
   FOREIGN KEY (team_id) REFERENCES Team(team_id),
   FOREIGN KEY (rank_tier_id) REFERENCES RankTier(rank_tier_id)
);

INSERT INTO Player (player_id, username, region, join_date, current_rank, current_rank_points, current_rank_position, total_matches, current_win_rate, overall_accuracy, team_id, rank_tier_id, created_at, updated_at) VALUES
(1,  'ImperialHal',   'NA',   '2019-03-01', 'Predator', 15420, 3,    4821, 34.21, 67.45, 1,    5, '2019-03-01', '2024-11-15'),
(2,  'Sweetdreams',   'NA',   '2019-04-12', 'Predator', 12800, 11,   4201, 31.45, 64.23, 2,    5, '2019-04-12', '2024-11-14'),
(3,  'Hakis',         'EU',   '2019-05-20', 'Predator', 13540, 7,    3987, 32.67, 65.89, 3,    5, '2019-05-20', '2024-11-15'),
(4,  'Alive',         'EU',   '2019-06-15', 'Predator', 14210, 5,    4102, 33.12, 66.34, 4,    5, '2019-06-15', '2024-11-13'),
(5,  'Dezignful',     'NA',   '2020-01-10', 'Predator', 11980, 18,   3654, 29.87, 62.11, 5,    5, '2020-01-10', '2024-11-12'),
(6,  'Reps',          'NA',   '2019-08-22', 'Master',   5820,  142,  3201, 27.34, 60.78, 6,    7, '2019-08-22', '2024-11-10'),
(7,  'Fyde',          'NA',   '2019-03-15', 'Predator', 16320, 1,    5102, 36.45, 69.12, 7,    5, '2019-03-15', '2024-11-15'),
(8,  'Poach',         'NA',   '2019-07-04', 'Master',   5410,  198,  3102, 26.78, 59.34, 8,    7, '2019-07-04', '2024-11-09'),
(9,  'Knoqd',         'EU',   '2019-09-11', 'Predator', 14890, 4,    4567, 33.89, 66.78, 9,    5, '2019-09-11', '2024-11-15'),
(10, 'Daidou',        'APAC', '2020-03-08', 'Diamond',  4210,  512,  2876, 23.45, 55.67, 10,   4, '2020-03-08', '2024-11-08'),
(11, 'Flux',          'EU',   '2020-06-17', 'Master',   5640,  167,  3312, 27.89, 61.23, 11,   7, '2020-06-17', '2024-11-11'),
(12, 'Shiimada',      'APAC', '2020-08-25', 'Diamond',  4560,  423,  2654, 22.34, 54.89, 12,   4, '2020-08-25', '2024-11-07'),
(13, 'Verhulst',      'EU',   '2019-11-30', 'Predator', 12340, 14,   3876, 30.12, 63.45, 13,   5, '2019-11-30', '2024-11-14'),
(14, 'Diegosaurs',    'EU',   '2020-02-14', 'Predator', 13120, 9,    4023, 31.78, 64.67, 14,   5, '2020-02-14', '2024-11-13'),
(15, 'Olsen',         'EU',   '2019-12-01', 'Predator', 15120, 2,    4712, 35.23, 68.34, 15,   5, '2019-12-01', '2024-11-15'),
(16, 'Monsoon',       'SA',   '2021-01-19', 'Diamond',  4820,  389,  2543, 21.67, 53.78, 16,   4, '2021-01-19', '2024-11-06'),
(17, 'Dropped',       'NA',   '2019-10-05', 'Predator', 13780, 6,    4234, 32.34, 65.12, 17,   5, '2019-10-05', '2024-11-15'),
(18, 'Rogue',         'EU',   '2020-04-22', 'Predator', 12560, 13,   3945, 30.67, 63.89, 18,   5, '2020-04-22', '2024-11-14'),
(19, 'Naughty',       'NA',   '2020-09-13', 'Master',   5230,  221,  3045, 26.12, 58.90, 19,   7, '2020-09-13', '2024-11-10'),
(20, 'Verhext',       'EU',   '2019-07-28', 'Predator', 13980, 8,    4312, 32.89, 65.56, 20,   5, '2019-07-28', '2024-11-15'),
(21, 'Snip3down',     'NA',   '2019-03-05', 'Predator', 12100, 16,   3823, 29.45, 62.34, 21,   5, '2019-03-05', '2024-11-12'),
(22, 'GarrettG',      'APAC', '2020-05-11', 'Master',   5780,  151,  3267, 27.56, 61.01, 22,   7, '2020-05-11', '2024-11-11'),
(23, 'Bobz',          'NA',   '2019-06-30', 'Predator', 11760, 21,   3712, 28.78, 61.78, 23,   5, '2019-06-30', '2024-11-13'),
(24, 'Mande',         'EU',   '2019-09-22', 'Predator', 13340, 10,   4089, 31.23, 64.45, 24,   5, '2019-09-22', '2024-11-14'),
(25, 'Noko',          'APAC', '2020-07-14', 'Diamond',  4390,  478,  2712, 22.89, 54.34, 25,   4, '2020-07-14', '2024-11-07'),
(26, 'Scrubba',       'EU',   '2020-01-28', 'Master',   5120,  234,  3023, 25.67, 58.12, 26,   7, '2020-01-28', '2024-11-09'),
(27, 'Shivfps',       'EU',   '2019-05-07', 'Predator', 12890, 12,   3934, 30.34, 63.23, 27,   5, '2019-05-07', '2024-11-13'),
(28, 'Aceu',          'NA',   '2019-03-20', 'Predator', 13560, 7,    4156, 32.12, 65.34, 28,   5, '2019-03-20', '2024-11-15'),
(29, 'Extesyy',       'EU',   '2019-08-14', 'Predator', 14450, 4,    4423, 33.56, 66.89, 29,   5, '2019-08-14', '2024-11-15'),
(30, 'Xiaowu',        'APAC', '2021-02-09', 'Diamond',  4670,  401,  2589, 21.23, 53.12, 30,   4, '2021-02-09', '2024-11-06'),
(31, 'Wingsofdeath',  'NA',   '2021-05-03', 'Platinum', 3210,  1823, 2134, 18.45, 49.78, 31,   6, '2021-05-03', '2024-11-04'),
(32, 'Vaxlon',        'EU',   '2021-08-19', 'Gold',     2450,  3412, 1876, 15.67, 46.23, 32,   1, '2021-08-19', '2024-11-03'),
(33, 'Craftsman',     'NA',   '2020-11-07', 'Predator', 11540, 24,   3634, 28.12, 60.89, 33,   5, '2020-11-07', '2024-11-12'),
(34, 'Teetow',        'EU',   '2020-03-25', 'Predator', 12670, 13,   3801, 29.78, 62.56, 34,   5, '2020-03-25', '2024-11-13'),
(35, 'Rambeau',       'NA',   '2020-06-01', 'Master',   5340,  209,  3112, 26.45, 59.67, 35,   7, '2020-06-01', '2024-11-10'),
(36, 'Phenoxyz',      'NA',   '2021-03-14', 'Predator', 11200, 28,   3456, 27.34, 60.12, 1,    5, '2021-03-14', '2024-11-12'),
(37, 'LmaDrop',       'EU',   '2021-06-22', 'Master',   5050,  267,  2987, 25.12, 57.89, 2,    7, '2021-06-22', '2024-11-10'),
(38, 'Koloblex',      'APAC', '2021-09-10', 'Diamond',  4780,  345,  2634, 22.67, 54.12, 3,    4, '2021-09-10', '2024-11-08'),
(39, 'Unlucky',       'NA',   '2022-01-05', 'Platinum', 3450,  1654, 2213, 19.23, 50.34, NULL, 6, '2022-01-05', '2024-11-05'),
(40, 'Zelatrix',      'EU',   '2022-02-18', 'Diamond',  4120,  534,  2512, 21.45, 53.67, 4,    4, '2022-02-18', '2024-11-07'),
(41, 'Paradoxine',    'SA',   '2022-03-30', 'Platinum', 3780,  1423, 2089, 18.90, 49.56, NULL, 6, '2022-03-30', '2024-11-04'),
(42, 'Clutchfactor',  'NA',   '2021-11-15', 'Master',   5890,  134,  3378, 28.23, 61.45, 5,    7, '2021-11-15', '2024-11-11'),
(43, 'Ghostpeak',     'EU',   '2022-04-07', 'Diamond',  4340,  489,  2601, 22.12, 53.90, NULL, 4, '2022-04-07', '2024-11-06'),
(44, 'Toxicore',      'APAC', '2022-05-19', 'Gold',     2780,  2987, 1934, 16.34, 47.12, 6,    1, '2022-05-19', '2024-11-03'),
(45, 'Frostbyte',     'NA',   '2022-06-11', 'Predator', 11890, 22,   3589, 28.67, 61.23, 7,    5, '2022-06-11', '2024-11-13'),
(46, 'Arcaneveil',    'EU',   '2021-12-03', 'Master',   5670,  158,  3234, 27.12, 60.45, NULL, 7, '2021-12-03', '2024-11-10'),
(47, 'Noxflare',      'NA',   '2022-07-25', 'Diamond',  4890,  312,  2723, 23.56, 55.34, 8,    4, '2022-07-25', '2024-11-08'),
(48, 'Solstrike',     'SA',   '2022-08-14', 'Silver',   1450,  5234, 1623, 13.45, 43.78, NULL, 2, '2022-08-14', '2024-11-02'),
(49, 'Driftwood',     'APAC', '2022-09-01', 'Gold',     2340,  3123, 1812, 15.23, 45.89, 9,    1, '2022-09-01', '2024-11-03'),
(50, 'Voidstep',      'EU',   '2022-10-17', 'Predator', 12450, 15,   3712, 29.34, 62.67, 10,   5, '2022-10-17', '2024-11-14'),
(51, 'Ciphershot',    'NA',   '2022-11-28', 'Master',   5120,  243,  3089, 25.78, 58.56, NULL, 7, '2022-11-28', '2024-11-09'),
(52, 'Blazerunner',   'EU',   '2023-01-09', 'Diamond',  4230,  521,  2567, 21.89, 53.45, 11,   4, '2023-01-09', '2024-11-07'),
(53, 'Krathos',       'APAC', '2023-02-22', 'Platinum', 3560,  1589, 2145, 19.12, 50.12, NULL, 6, '2023-02-22', '2024-11-04'),
(54, 'Nullbyte',      'NA',   '2023-03-14', 'Gold',     2670,  3056, 1867, 15.89, 46.78, 12,   1, '2023-03-14', '2024-11-03'),
(55, 'Wrenchpilot',   'EU',   '2023-04-05', 'Predator', 11340, 26,   3523, 27.89, 60.34, 13,   5, '2023-04-05', '2024-11-12'),
(56, 'Axiomshift',    'SA',   '2023-05-18', 'Silver',   1780,  4987, 1712, 14.12, 44.56, NULL, 2, '2023-05-18', '2024-11-02'),
(57, 'Ragepulse',     'NA',   '2023-06-30', 'Diamond',  4560,  432,  2645, 22.45, 54.67, 14,   4, '2023-06-30', '2024-11-07'),
(58, 'Emberclad',     'EU',   '2023-07-12', 'Master',   5450,  189,  3156, 26.78, 59.89, NULL, 7, '2023-07-12', '2024-11-10'),
(59, 'Frostmantle',   'APAC', '2023-08-24', 'Bronze',   780,   7234, 1234, 10.23, 38.45, NULL, 3, '2023-08-24', '2024-11-01'),
(60, 'Staticwulf',    'NA',   '2023-09-06', 'Platinum', 3890,  1312, 2234, 19.67, 51.23, 15,   6, '2023-09-06', '2024-11-05');

CREATE TABLE IF NOT EXISTS ImportBatch (
   batch_id INT PRIMARY KEY,
   source_id INT,
   import_date DATE,
   records_imported INT,
   import_status VARCHAR(50),
   FOREIGN KEY (source_id) REFERENCES DataSource(source_id)
);

insert into ImportBatch (batch_id, source_id, import_date, records_imported, import_status) values (1, 21, '2025-06-05', 452, 'completed');
insert into ImportBatch (batch_id, source_id, import_date, records_imported, import_status) values (2, 34, '2025-12-04', 201, 'pending');
insert into ImportBatch (batch_id, source_id, import_date, records_imported, import_status) values (3, 38, '2025-11-25', 124, 'not completed');
insert into ImportBatch (batch_id, source_id, import_date, records_imported, import_status) values (4, 19, '2026-03-02', 420, 'completed');
insert into ImportBatch (batch_id, source_id, import_date, records_imported, import_status) values (5, 1, '2025-11-25', 478, 'pending');
insert into ImportBatch (batch_id, source_id, import_date, records_imported, import_status) values (6, 16, '2025-06-28', 269, 'not completed');
insert into ImportBatch (batch_id, source_id, import_date, records_imported, import_status) values (7, 17, '2025-08-20', 362, 'completed');
insert into ImportBatch (batch_id, source_id, import_date, records_imported, import_status) values (8, 39, '2025-12-19', 239, 'pending');
insert into ImportBatch (batch_id, source_id, import_date, records_imported, import_status) values (9, 18, '2025-09-17', 174, 'not completed');
insert into ImportBatch (batch_id, source_id, import_date, records_imported, import_status) values (10, 9, '2026-01-26', 97, 'completed');
insert into ImportBatch (batch_id, source_id, import_date, records_imported, import_status) values (11, 26, '2025-05-02', 127, 'pending');
insert into ImportBatch (batch_id, source_id, import_date, records_imported, import_status) values (12, 7, '2025-07-07', 35, 'not completed');
insert into ImportBatch (batch_id, source_id, import_date, records_imported, import_status) values (13, 38, '2025-09-01', 102, 'completed');
insert into ImportBatch (batch_id, source_id, import_date, records_imported, import_status) values (14, 24, '2026-03-26', 437, 'pending');
insert into ImportBatch (batch_id, source_id, import_date, records_imported, import_status) values (15, 24, '2026-04-04', 320, 'not completed');
insert into ImportBatch (batch_id, source_id, import_date, records_imported, import_status) values (16, 15, '2025-12-31', 110, 'completed');
insert into ImportBatch (batch_id, source_id, import_date, records_imported, import_status) values (17, 4, '2025-04-19', 491, 'pending');
insert into ImportBatch (batch_id, source_id, import_date, records_imported, import_status) values (18, 23, '2025-05-14', 486, 'not completed');
insert into ImportBatch (batch_id, source_id, import_date, records_imported, import_status) values (19, 17, '2025-11-01', 425, 'completed');
insert into ImportBatch (batch_id, source_id, import_date, records_imported, import_status) values (20, 13, '2025-08-19', 212, 'pending');
insert into ImportBatch (batch_id, source_id, import_date, records_imported, import_status) values (21, 30, '2025-05-31', 124, 'not completed');
insert into ImportBatch (batch_id, source_id, import_date, records_imported, import_status) values (22, 13, '2026-01-15', 325, 'completed');
insert into ImportBatch (batch_id, source_id, import_date, records_imported, import_status) values (23, 37, '2025-07-28', 32, 'pending');
insert into ImportBatch (batch_id, source_id, import_date, records_imported, import_status) values (24, 36, '2025-11-18', 372, 'not completed');
insert into ImportBatch (batch_id, source_id, import_date, records_imported, import_status) values (25, 12, '2025-09-30', 112, 'completed');
insert into ImportBatch (batch_id, source_id, import_date, records_imported, import_status) values (26, 11, '2025-12-14', 96, 'pending');
insert into ImportBatch (batch_id, source_id, import_date, records_imported, import_status) values (27, 2, '2025-06-04', 31, 'not completed');
insert into ImportBatch (batch_id, source_id, import_date, records_imported, import_status) values (28, 21, '2025-08-06', 456, 'completed');
insert into ImportBatch (batch_id, source_id, import_date, records_imported, import_status) values (29, 1, '2025-12-13', 376, 'pending');
insert into ImportBatch (batch_id, source_id, import_date, records_imported, import_status) values (30, 17, '2025-11-01', 483, 'not completed');
insert into ImportBatch (batch_id, source_id, import_date, records_imported, import_status) values (31, 20, '2026-01-06', 280, 'completed');
insert into ImportBatch (batch_id, source_id, import_date, records_imported, import_status) values (32, 21, '2026-01-22', 21, 'pending');
insert into ImportBatch (batch_id, source_id, import_date, records_imported, import_status) values (33, 32, '2026-03-03', 400, 'not completed');
insert into ImportBatch (batch_id, source_id, import_date, records_imported, import_status) values (34, 2, '2026-01-13', 253, 'completed');
insert into ImportBatch (batch_id, source_id, import_date, records_imported, import_status) values (35, 35, '2026-03-13', 428, 'pending');
insert into ImportBatch (batch_id, source_id, import_date, records_imported, import_status) values (36, 5, '2025-04-20', 80, 'not completed');
insert into ImportBatch (batch_id, source_id, import_date, records_imported, import_status) values (37, 21, '2025-12-15', 112, 'completed');
insert into ImportBatch (batch_id, source_id, import_date, records_imported, import_status) values (38, 20, '2025-06-28', 310, 'pending');
insert into ImportBatch (batch_id, source_id, import_date, records_imported, import_status) values (39, 3, '2026-01-17', 436, 'not completed');
insert into ImportBatch (batch_id, source_id, import_date, records_imported, import_status) values (40, 7, '2025-12-27', 161, 'completed');
insert into ImportBatch (batch_id, source_id, import_date, records_imported, import_status) values (41, 25, '2026-02-02', 387, 'pending');
insert into ImportBatch (batch_id, source_id, import_date, records_imported, import_status) values (42, 19, '2025-09-21', 251, 'not completed');
insert into ImportBatch (batch_id, source_id, import_date, records_imported, import_status) values (43, 33, '2026-01-23', 26, 'completed');
insert into ImportBatch (batch_id, source_id, import_date, records_imported, import_status) values (44, 34, '2026-04-05', 245, 'pending');
insert into ImportBatch (batch_id, source_id, import_date, records_imported, import_status) values (45, 23, '2025-05-15', 412, 'not completed');
insert into ImportBatch (batch_id, source_id, import_date, records_imported, import_status) values (46, 25, '2026-02-26', 407, 'completed');
insert into ImportBatch (batch_id, source_id, import_date, records_imported, import_status) values (47, 34, '2025-07-20', 160, 'pending');
insert into ImportBatch (batch_id, source_id, import_date, records_imported, import_status) values (48, 4, '2025-11-07', 81, 'not completed');
insert into ImportBatch (batch_id, source_id, import_date, records_imported, import_status) values (49, 1, '2025-06-06', 321, 'completed');
insert into ImportBatch (batch_id, source_id, import_date, records_imported, import_status) values (50, 40, '2025-06-20', 498, 'pending');

CREATE TABLE IF NOT EXISTS `Match` (
   match_id INT PRIMARY KEY,
   match_date DATE,
   season_name VARCHAR(100),
   map_name VARCHAR(100),
   mode VARCHAR(100),
   match_duration INT,
   tournament_name VARCHAR(255),
   source_id INT,
   FOREIGN KEY (source_id) REFERENCES DataSource(source_id)
);

INSERT INTO `Match` (match_id, match_date, season_name, map_name, mode, match_duration, tournament_name, source_id) VALUES
(1,  '2023-02-14', 'Season 16', 'Kings Canyon',  'Ranked',     1823, 'ALGS Pro League Split 1 2023',  10),
(2,  '2023-02-15', 'Season 16', 'World''s Edge', 'Ranked',     2134, 'ALGS Pro League Split 1 2023',  10),
(3,  '2023-02-16', 'Season 16', 'Olympus',       'Ranked',     1956, 'ALGS Pro League Split 1 2023',  10),
(4,  '2023-02-17', 'Season 16', 'Storm Point',   'Ranked',     2287, 'ALGS Pro League Split 1 2023',  10),
(5,  '2023-02-18', 'Season 16', 'Kings Canyon',  'Tournament', 1734, 'ALGS Pro League Split 1 2023',  10),
(6,  '2023-02-19', 'Season 16', 'World''s Edge', 'Tournament', 2045, 'ALGS Pro League Split 1 2023',  10),
(7,  '2023-02-20', 'Season 16', 'Storm Point',   'Tournament', 1867, 'ALGS Pro League Split 1 2023',  10),
(8,  '2023-03-01', 'Season 16', 'Olympus',       'Tournament', 2312, 'ALGS Pro League Split 1 2023',  10),
(9,  '2023-03-05', 'Season 16', 'Kings Canyon',  'Tournament', 1978, 'ALGS Pro League Split 1 2023',  10),
(10, '2023-03-10', 'Season 16', 'World''s Edge', 'Tournament', 2156, 'ALGS Pro League Split 1 2023',  10),
(11, '2023-03-15', 'Season 16', 'Storm Point',   'Tournament', 1823, 'ALGS Pro League Split 1 2023',  10),
(12, '2023-03-19', 'Season 16', 'Olympus',       'Tournament', 2089, 'ALGS Pro League Split 1 2023',  10),
(13, '2023-04-22', 'Season 17', 'Kings Canyon',  'Tournament', 1945, 'ALGS Pro League Split 2 2023',  10),
(14, '2023-04-23', 'Season 17', 'World''s Edge', 'Tournament', 2234, 'ALGS Pro League Split 2 2023',  10),
(15, '2023-04-24', 'Season 17', 'Storm Point',   'Tournament', 1867, 'ALGS Pro League Split 2 2023',  10),
(16, '2023-04-25', 'Season 17', 'Broken Moon',   'Tournament', 2123, 'ALGS Pro League Split 2 2023',  10),
(17, '2023-05-01', 'Season 17', 'Kings Canyon',  'Tournament', 1756, 'ALGS Pro League Split 2 2023',  10),
(18, '2023-05-08', 'Season 17', 'World''s Edge', 'Tournament', 2034, 'ALGS Pro League Split 2 2023',  10),
(19, '2023-05-15', 'Season 17', 'Storm Point',   'Tournament', 1912, 'ALGS Pro League Split 2 2023',  10),
(20, '2023-05-22', 'Season 17', 'Broken Moon',   'Tournament', 2267, 'ALGS Pro League Split 2 2023',  10),
(21, '2023-06-01', 'Season 17', 'Kings Canyon',  'Tournament', 1834, 'ALGS Pro League Split 2 2023',  10),
(22, '2023-06-10', 'Season 17', 'World''s Edge', 'Tournament', 2145, 'ALGS Pro League Split 2 2023',  10),
(23, '2023-06-18', 'Season 17', 'Storm Point',   'Tournament', 1978, 'ALGS Pro League Split 2 2023',  10),
(24, '2023-07-13', 'Season 17', 'Broken Moon',   'Tournament', 2312, 'ALGS Year 3 Championships',     10),
(25, '2023-07-13', 'Season 17', 'Kings Canyon',  'Tournament', 2089, 'ALGS Year 3 Championships',     10),
(26, '2023-07-14', 'Season 17', 'world''s Edge', 'Tournament', 1956, 'ALGS Year 3 Championships',     10),
(27, '2023-07-14', 'Season 17', 'Storm Point',   'Tournament', 2234, 'ALGS Year 3 Championships',     10),
(28, '2023-07-15', 'Season 17', 'Broken Moon',   'Tournament', 1867, 'ALGS Year 3 Championships',     10),
(29, '2023-07-15', 'Season 17', 'Kings Canyon',  'Tournament', 2123, 'ALGS Year 3 Championships',     10),
(30, '2023-07-16', 'Season 17', 'world''s Edge', 'Tournament', 1978, 'ALGS Year 3 Championships',     10),
(31, '2023-07-16', 'Season 17', 'Storm Point',   'Tournament', 2289, 'ALGS Year 3 Championships',     10),
(32, '2023-08-01', 'Season 18', 'Broken Moon',   'Tournament', 1834, 'ALGS LAN Stockholm',            10),
(33, '2023-08-02', 'Season 18', 'Kings Canyon',  'Tournament', 2156, 'ALGS LAN Stockholm',            10),
(34, '2023-08-03', 'Season 18', 'world''s Edge', 'Tournament', 1923, 'ALGS LAN Stockholm',            10),
(35, '2024-01-13', 'Season 20', 'Storm Point',   'Tournament', 2078, 'ALGS Pro League Split 1 2024',  10),
(36, '2024-01-14', 'Season 20', 'Broken Moon',   'Tournament', 1845, 'ALGS Pro League Split 1 2024',  10),
(37, '2024-01-20', 'Season 20', 'Kings Canyon',  'Tournament', 2234, 'ALGS Pro League Split 1 2024',  10),
(38, '2024-01-27', 'Season 20', 'world''s Edge', 'Tournament', 1967, 'ALGS Pro League Split 1 2024',  10),
(39, '2024-02-03', 'Season 20', 'Storm Point',   'Tournament', 2145, 'ALGS Pro League Split 1 2024',  10),
(40, '2024-02-10', 'Season 20', 'Broken Moon',   'Tournament', 1878, 'ALGS Pro League Split 1 2024',  10),
(41, '2024-02-17', 'Season 20', 'Kings Canyon',  'Tournament', 2312, 'ALGS Pro League Split 1 2024',  10),
(42, '2024-02-24', 'Season 20', 'world''s Edge', 'Tournament', 1989, 'ALGS Pro League Split 1 2024',  10),
(43, '2024-03-02', 'Season 20', 'Storm Point',   'Tournament', 2056, 'ALGS Pro League Split 1 2024',  10),
(44, '2024-03-17', 'Season 20', 'Broken Moon',   'Tournament', 1923, 'ALGS Pro League Split 1 2024',  10),
(45, '2024-04-20', 'Season 21', 'Kings Canyon',  'Tournament', 2189, 'ALGS Pro League Split 2 2024',  10),
(46, '2024-04-27', 'Season 21', 'world''s Edge', 'Tournament', 1856, 'ALGS Pro League Split 2 2024',  10),
(47, '2024-05-04', 'Season 21', 'Storm Point',   'Tournament', 2234, 'ALGS Pro League Split 2 2024',  10),
(48, '2024-05-11', 'Season 21', 'Broken Moon',   'Tournament', 1978, 'ALGS Pro League Split 2 2024',  10),
(49, '2024-05-18', 'Season 21', 'Kings Canyon',  'Tournament', 2067, 'ALGS Pro League Split 2 2024',  10),
(50, '2024-05-25', 'Season 21', 'world''s Edge', 'Tournament', 1845, 'ALGS Pro League Split 2 2024',  10),
(51, '2024-06-01', 'Season 21', 'Storm Point',   'Tournament', 2156, 'ALGS Pro League Split 2 2024',  10),
(52, '2024-06-08', 'Season 21', 'Broken Moon',   'Tournament', 1923, 'ALGS Pro League Split 2 2024',  10),
(53, '2024-06-16', 'Season 21', 'Kings Canyon',  'Tournament', 2289, 'ALGS Pro League Split 2 2024',  10),
(54, '2024-06-20', 'Season 21', 'world''s Edge', 'Tournament', 1967, 'ALGS Year 4 Championships',     10),
(55, '2024-06-20', 'Season 21', 'Storm Point',   'Tournament', 2134, 'ALGS Year 4 Championships',     10),
(56, '2024-06-21', 'Season 21', 'Broken Moon',   'Tournament', 1856, 'ALGS Year 4 Championships',     10),
(57, '2024-06-21', 'Season 21', 'Kings Canyon',  'Tournament', 2312, 'ALGS Year 4 Championships',     10),
(58, '2024-06-22', 'Season 21', 'world''s Edge', 'Tournament', 1989, 'ALGS Year 4 Championships',     10),
(59, '2024-06-22', 'Season 21', 'Storm Point',   'Tournament', 2078, 'ALGS Year 4 Championships',     10),
(60, '2024-06-23', 'Season 21', 'Broken Moon',   'Tournament', 1934, 'ALGS Year 4 Championships',     10),
(61, '2024-06-23', 'Season 21', 'Kings Canyon',  'Tournament', 2245, 'ALGS Year 4 Championships',     10),
(62, '2024-03-22', 'Season 20', 'world''s Edge', 'Tournament', 1878, 'ALGS LAN Birmingham',           10),
(63, '2024-03-23', 'Season 20', 'Storm Point',   'Tournament', 2156, 'ALGS LAN Birmingham',           10),
(64, '2024-03-24', 'Season 20', 'Broken Moon',   'Tournament', 1967, 'ALGS LAN Birmingham',           10),
(65, '2022-07-07', 'Season 13', 'Kings Canyon',  'Tournament', 2089, 'ALGS Year 2 Championships',     10),
(66, '2022-07-07', 'Season 13', 'world''s Edge', 'Tournament', 1923, 'ALGS Year 2 Championships',     10),
(67, '2022-07-08', 'Season 13', 'Storm Point',   'Tournament', 2234, 'ALGS Year 2 Championships',     10),
(68, '2022-07-08', 'Season 13', 'Kings Canyon',  'Tournament', 1856, 'ALGS Year 2 Championships',     10),
(69, '2022-07-09', 'Season 13', 'world''s Edge', 'Tournament', 2145, 'ALGS Year 2 Championships',     10),
(70, '2022-07-09', 'Season 13', 'Storm Point',   'Tournament', 1978, 'ALGS Year 2 Championships',     10),
(71, '2022-07-10', 'Season 13', 'Kings Canyon',  'Tournament', 2312, 'ALGS Year 2 Championships',     10),
(72, '2022-07-10', 'Season 13', 'world''s Edge', 'Tournament', 1867, 'ALGS Year 2 Championships',     10),
(73, '2022-09-02', 'Season 14', 'Storm Point',   'Tournament', 2056, 'ALGS LAN London',               10),
(74, '2022-09-03', 'Season 14', 'Kings Canyon',  'Tournament', 1934, 'ALGS LAN London',               10),
(75, '2022-09-04', 'Season 14', 'world''s Edge', 'Tournament', 2189, 'ALGS LAN London',               10);

CREATE TABLE IF NOT EXISTS PlayerMatchPerformance (
   performance_id INT PRIMARY KEY,
   player_id INT,
   match_id INT,
   legend_id INT NULL,
   death_location_id INT NULL,
   weapon_id INT NULL,
   kills INT,
   deaths INT,
   assists INT,
   damage FLOAT,
   win_flag BOOLEAN,
   accuracy_pct DECIMAL(5,2),
   placement INT,
   knockdowns INT,
   survival_time INT,
   rank_points_change INT,
   is_included_in_analysis BOOLEAN,
   is_active BOOLEAN,
   FOREIGN KEY (player_id) REFERENCES Player(player_id),
   FOREIGN KEY (match_id) REFERENCES `Match`(match_id),
   FOREIGN KEY (legend_id) REFERENCES Legend(legend_id),
   FOREIGN KEY (death_location_id) REFERENCES MapLocation(location_id),
   FOREIGN KEY (weapon_id) REFERENCES Weapon(weapon_id)
);

INSERT INTO PlayerMatchPerformance (performance_id, player_id, match_id, legend_id, death_location_id, weapon_id, kills, deaths, assists, damage, win_flag, accuracy_pct, placement, knockdowns, survival_time, rank_points_change, is_included_in_analysis, is_active) VALUES
(1,   1,  1,  13, 5,  1,  8,  0, 3, 2840.50, true,  67.45, 1,  10, 1823, 100, true,  true),
(2,   2,  1,  6,  12, 6,  5,  1, 2, 1923.20, false, 64.23, 3,  7,  1654, 45,  true,  true),
(3,   3,  1,  1,  23, 2,  6,  1, 4, 2134.80, false, 65.89, 2,  8,  1734, 60,  true,  true),
(4,   4,  2,  9,  34, 15, 7,  0, 2, 2567.30, true,  66.34, 1,  9,  2134, 100, true,  true),
(5,   5,  2,  13, 45, 1,  4,  2, 1, 1678.90, false, 62.11, 8,  5,  1456, 20,  true,  true),
(6,   6,  2,  18, 7,  23, 3,  2, 3, 1234.50, false, 60.78, 12, 4,  1234, 10,  true,  true),
(7,   7,  3,  6,  19, 6,  9,  0, 2, 3123.40, true,  69.12, 1,  12, 1956, 100, true,  true),
(8,   8,  3,  1,  28, 2,  4,  1, 3, 1567.80, false, 59.34, 6,  5,  1678, 30,  true,  true),
(9,   9,  3,  13, 41, 15, 7,  0, 4, 2678.90, true,  66.78, 2,  9,  1867, 80,  true,  true),
(10,  10, 4,  14, 3,  8,  3,  2, 2, 1234.60, false, 55.67, 14, 4,  1345, 5,   true,  true),
(11,  11, 4,  24, 16, 23, 5,  1, 3, 1789.30, false, 61.23, 5,  6,  1567, 35,  true,  true),
(12,  12, 4,  8,  29, 9,  2,  2, 1, 1123.40, false, 54.89, 16, 3,  1234, 5,   true,  true),
(13,  13, 5,  6,  38, 6,  6,  0, 3, 2345.60, true,  63.45, 1,  8,  1734, 100, true,  true),
(14,  14, 5,  1,  47, 1,  5,  1, 2, 2012.30, false, 64.67, 3,  7,  1623, 55,  true,  true),
(15,  15, 5,  13, 12, 15, 8,  0, 3, 2890.40, true,  68.34, 1,  11, 1823, 100, true,  true),
(16,  16, 6,  9,  25, 19, 2,  2, 1, 1034.50, false, 53.78, 18, 3,  1123, 5,   true,  true),
(17,  17, 6,  6,  36, 6,  7,  0, 4, 2567.80, true,  65.12, 1,  10, 1867, 100, true,  true),
(18,  18, 6,  1,  8,  2,  6,  1, 2, 2123.40, false, 63.89, 2,  8,  1756, 65,  true,  true),
(19,  19, 7,  18, 43, 23, 3,  2, 3, 1345.60, false, 58.90, 10, 4,  1345, 15,  true,  true),
(20,  20, 7,  13, 17, 15, 7,  0, 3, 2678.90, true,  65.56, 1,  10, 1867, 100, true,  true),
(21,  21, 7,  6,  30, 6,  5,  1, 2, 1923.40, false, 62.34, 4,  7,  1623, 40,  true,  true),
(22,  22, 8,  14, 9,  8,  4,  1, 3, 1678.50, false, 61.01, 7,  5,  1512, 25,  true,  true),
(23,  23, 8,  1,  22, 1,  6,  0, 4, 2345.60, true,  61.78, 1,  8,  2312, 100, true,  true),
(24,  24, 8,  13, 35, 15, 7,  0, 3, 2567.80, true,  64.45, 2,  9,  2089, 80,  true,  true),
(25,  25, 9,  9,  48, 19, 2,  2, 1, 1123.40, false, 54.34, 15, 3,  1234, 5,   true,  true),
(26,  26, 9,  24, 14, 23, 4,  1, 2, 1567.80, false, 58.12, 8,  5,  1456, 20,  true,  true),
(27,  27, 9,  6,  27, 6,  6,  0, 3, 2234.50, true,  63.23, 1,  8,  1978, 100, true,  true),
(28,  28, 10, 13, 40, 15, 8,  0, 2, 2890.30, true,  65.34, 1,  11, 2156, 100, true,  true),
(29,  29, 10, 1,  3,  1,  7,  0, 4, 2678.90, true,  66.89, 2,  10, 1978, 80,  true,  true),
(30,  30, 10, 9,  16, 8,  2,  2, 1, 1034.50, false, 53.12, 17, 3,  1123, 5,   true,  true),
(31,  31, 11, 18, 29, 23, 1,  3, 1, 834.50,  false, 49.78, 20, 2,  934,  -10, true,  true),
(32,  32, 11, 8,  42, 9,  2,  2, 2, 1023.40, false, 46.23, 18, 3,  1056, 5,   true,  true),
(33,  33, 11, 6,  5,  6,  5,  1, 3, 1978.60, false, 60.89, 4,  7,  1623, 35,  true,  true),
(34,  34, 12, 13, 18, 15, 6,  0, 3, 2234.50, true,  62.56, 1,  8,  2089, 100, true,  true),
(35,  35, 12, 1,  31, 2,  4,  1, 2, 1678.90, false, 59.67, 6,  6,  1567, 25,  true,  true),
(36,  36, 12, 9,  44, 19, 5,  1, 3, 1867.30, false, 60.12, 5,  7,  1623, 30,  true,  true),
(37,  37, 13, 24, 7,  23, 3,  2, 2, 1345.60, false, 57.89, 11, 4,  1345, 10,  true,  true),
(38,  38, 13, 6,  20, 6,  4,  1, 3, 1678.90, false, 54.12, 9,  5,  1456, 20,  true,  true),
(39,  39, 13, 18, 33, 23, 1,  3, 1, 756.40,  false, 48.34, 19, 2,  867,  -10, true,  true),
(40,  40, 14, 9,  46, 8,  3,  2, 2, 1234.50, false, 53.67, 13, 4,  1234, 10,  true,  true),
(41,  41, 14, 1,  10, 1,  2,  2, 1, 978.30,  false, 49.56, 17, 3,  1056, 5,   true,  true),
(42,  42, 14, 13, 23, 15, 7,  0, 4, 2456.70, true,  61.45, 1,  9,  1945, 100, true,  true),
(43,  43, 15, 8,  36, 9,  2,  2, 1, 867.40,  false, 48.78, 18, 3,  978,  -5,  true,  true),
(44,  44, 15, 18, 49, 23, 1,  3, 0, 634.50,  false, 46.23, 20, 1,  834,  -10, true,  true),
(45,  45, 15, 6,  12, 6,  6,  0, 3, 2234.60, true,  61.23, 2,  8,  1834, 80,  true,  true),
(46,  46, 16, 13, 25, 15, 7,  0, 3, 2567.80, true,  63.89, 1,  10, 1978, 100, true,  true),
(47,  47, 16, 1,  38, 1,  5,  1, 2, 1923.40, false, 61.34, 3,  7,  1712, 55,  true,  true),
(48,  48, 16, 9,  1,  19, 1,  3, 1, 756.30,  false, 43.78, 19, 2,  867,  -10, true,  true),
(49,  49, 17, 18, 14, 23, 2,  2, 2, 1034.50, false, 45.89, 16, 3,  1056, 5,   true,  true),
(50,  50, 17, 6,  27, 6,  7,  0, 3, 2456.70, true,  62.67, 1,  9,  1867, 100, true,  true),
(51,  51, 17, 24, 40, 23, 3,  2, 1, 1123.40, false, 58.56, 12, 4,  1234, 10,  true,  true),
(52,  52, 18, 13, 3,  15, 5,  1, 3, 1789.30, false, 53.45, 7,  6,  1512, 25,  true,  true),
(53,  53, 18, 8,  16, 9,  1,  3, 0, 634.50,  false, 48.12, 20, 1,  756,  -15, true,  true),
(54,  54, 18, 1,  29, 2,  3,  2, 2, 1234.50, false, 46.78, 14, 4,  1234, 5,   true,  true),
(55,  55, 19, 6,  42, 6,  6,  0, 4, 2345.60, true,  60.34, 1,  8,  1912, 100, true,  true),
(56,  56, 19, 18, 5,  23, 1,  3, 0, 567.30,  false, 44.56, 20, 1,  678,  -15, true,  true),
(57,  57, 19, 13, 18, 15, 5,  1, 3, 1867.40, false, 58.56, 5,  7,  1567, 30,  true,  true),
(58,  58, 20, 9,  31, 8,  4,  1, 2, 1567.80, false, 59.89, 6,  6,  1512, 25,  true,  true),
(59,  59, 20, 18, 44, 23, 0,  3, 1, 456.30,  false, 38.45, 20, 1,  567,  -20, true,  true),
(60,  60, 20, 1,  7,  1,  3,  2, 2, 1234.50, false, 51.23, 13, 4,  1234, 10,  true,  true),
(61,  1,  21, 13, 20, 15, 9,  0, 3, 3012.40, true,  67.45, 1,  12, 1834, 100, true,  true),
(62,  7,  21, 6,  33, 6,  8,  0, 2, 2890.30, true,  69.12, 2,  11, 1756, 80,  true,  true),
(63,  15, 21, 1,  46, 1,  6,  1, 4, 2234.50, false, 68.34, 3,  8,  1623, 60,  true,  true),
(64,  2,  22, 9,  9,  8,  5,  1, 2, 1923.40, false, 64.23, 4,  7,  1567, 40,  true,  true),
(65,  9,  22, 13, 22, 15, 7,  0, 3, 2567.80, true,  66.78, 1,  10, 1978, 100, true,  true),
(66,  17, 22, 6,  35, 6,  6,  0, 3, 2345.60, true,  65.12, 2,  9,  1867, 80,  true,  true),
(67,  3,  23, 1,  48, 2,  5,  1, 2, 2012.30, false, 65.89, 3,  7,  1712, 55,  true,  true),
(68,  13, 23, 13, 11, 15, 8,  0, 4, 2789.40, true,  63.45, 1,  11, 1945, 100, true,  true),
(69,  20, 23, 9,  24, 8,  4,  1, 2, 1678.90, false, 65.56, 4,  6,  1567, 35,  true,  true),
(70,  4,  24, 6,  37, 6,  7,  0, 3, 2567.80, true,  66.34, 1,  10, 2312, 100, true,  true),
(71,  14, 24, 1,  50, 1,  5,  1, 2, 1923.40, false, 64.67, 3,  7,  2089, 60,  true,  true),
(72,  24, 24, 13, 13, 15, 8,  0, 3, 2890.30, true,  64.45, 2,  11, 2156, 80,  true,  true),
(73,  5,  25, 9,  26, 8,  3,  2, 1, 1234.50, false, 62.11, 8,  4,  2089, 20,  true,  true),
(74,  15, 25, 6,  39, 6,  9,  0, 2, 3123.40, true,  68.34, 1,  12, 1978, 100, true,  true),
(75,  25, 25, 18, 2,  23, 2,  2, 2, 1034.50, false, 54.34, 14, 3,  1867, 5,   true,  true),
(76,  6,  26, 24, 15, 23, 4,  1, 3, 1567.80, false, 60.78, 7,  5,  1734, 25,  true,  true),
(77,  16, 26, 9,  28, 8,  2,  2, 1, 978.30,  false, 53.78, 16, 3,  1234, 5,   true,  true),
(78,  26, 26, 1,  41, 1,  4,  1, 2, 1678.90, false, 58.12, 9,  6,  1512, 20,  true,  true),
(79,  7,  27, 6,  4,  6,  8,  0, 3, 2890.30, true,  69.12, 1,  11, 1867, 100, true,  true),
(80,  17, 27, 13, 17, 15, 6,  0, 4, 2345.60, true,  65.12, 2,  9,  1756, 80,  true,  true),
(81,  27, 27, 18, 30, 23, 3,  2, 2, 1234.50, false, 63.23, 11, 4,  1345, 10,  true,  true),
(82,  8,  28, 9,  43, 8,  3,  2, 1, 1123.40, false, 59.34, 13, 4,  1234, 10,  true,  true),
(83,  18, 28, 1,  6,  2,  6,  0, 3, 2234.50, true,  63.89, 1,  8,  2156, 100, true,  true),
(84,  28, 28, 13, 19, 15, 8,  0, 2, 2890.30, true,  65.34, 2,  11, 1978, 80,  true,  true),
(85,  9,  29, 6,  32, 6,  7,  0, 4, 2567.80, true,  66.78, 1,  10, 1978, 100, true,  true),
(86,  19, 29, 24, 45, 23, 3,  2, 2, 1234.50, false, 58.90, 10, 4,  1345, 15,  true,  true),
(87,  29, 29, 1,  8,  1,  6,  0, 3, 2345.60, true,  66.89, 2,  9,  1867, 80,  true,  true),
(88,  10, 30, 9,  21, 8,  2,  2, 1, 978.30,  false, 55.67, 15, 3,  1123, 5,   true,  true),
(89,  20, 30, 13, 34, 15, 7,  0, 3, 2678.90, true,  65.56, 1,  10, 1867, 100, true,  true),
(90,  30, 30, 6,  47, 6,  3,  2, 2, 1234.50, false, 53.12, 12, 4,  1345, 10,  true,  true),
(91,  11, 31, 1,  10, 2,  5,  1, 3, 1867.30, false, 61.23, 5,  7,  1623, 30,  true,  true),
(92,  21, 31, 13, 23, 15, 6,  0, 2, 2234.50, true,  62.34, 2,  8,  1756, 80,  true,  true),
(93,  31, 31, 18, 36, 23, 1,  3, 1, 756.30,  false, 49.78, 19, 2,  867,  -10, true,  true),
(94,  12, 32, 9,  49, 8,  2,  2, 1, 978.30,  false, 54.89, 16, 3,  1056, 5,   true,  true),
(95,  22, 32, 6,  12, 6,  5,  1, 3, 1923.40, false, 61.01, 6,  7,  1512, 25,  true,  true),
(96,  32, 32, 1,  25, 1,  2,  2, 1, 867.30,  false, 46.23, 18, 3,  978,  -5,  true,  true),
(97,  13, 33, 13, 38, 15, 7,  0, 4, 2567.80, true,  63.45, 1,  10, 2156, 100, true,  true),
(98,  23, 33, 6,  1,  6,  5,  1, 2, 1867.40, false, 61.78, 4,  7,  1623, 35,  true,  true),
(99,  33, 33, 18, 14, 23, 4,  1, 3, 1567.80, false, 60.89, 7,  5,  1512, 25,  true,  true),
(100, 14, 34, 1,  27, 2,  5,  1, 2, 1923.40, false, 64.67, 3,  7,  1923, 55,  true,  true),
(101, 24, 34, 13, 40, 15, 8,  0, 3, 2890.30, true,  64.45, 1,  11, 2089, 100, true,  true),
(102, 34, 34, 9,  3,  8,  4,  1, 2, 1567.80, false, 62.56, 6,  6,  1734, 30,  true,  true),
(103, 15, 35, 6,  16, 6,  9,  0, 2, 3123.40, true,  68.34, 1,  12, 2078, 100, true,  true),
(104, 25, 35, 1,  29, 1,  3,  2, 1, 1234.50, false, 54.34, 11, 4,  1456, 10,  true,  true),
(105, 35, 35, 13, 42, 15, 5,  1, 3, 1867.40, false, 59.67, 5,  7,  1734, 30,  true,  true),
(106, 16, 36, 9,  5,  8,  2,  2, 1, 978.30,  false, 53.78, 15, 3,  1123, 5,   true,  true),
(107, 26, 36, 24, 18, 23, 4,  1, 2, 1567.80, false, 58.12, 8,  5,  1512, 20,  true,  true),
(108, 36, 36, 6,  31, 6,  5,  1, 3, 1923.40, false, 60.12, 6,  7,  1623, 25,  true,  true),
(109, 17, 37, 13, 44, 15, 7,  0, 4, 2567.80, true,  65.12, 1,  10, 2234, 100, true,  true),
(110, 27, 37, 1,  7,  1,  5,  1, 2, 1867.40, false, 63.23, 4,  7,  1623, 35,  true,  true),
(111, 37, 37, 18, 20, 23, 2,  2, 1, 978.30,  false, 57.89, 13, 3,  1234, 5,   true,  true),
(112, 18, 38, 6,  33, 6,  6,  0, 3, 2234.50, true,  63.89, 2,  8,  1967, 80,  true,  true),
(113, 28, 38, 13, 46, 15, 8,  0, 2, 2890.30, true,  65.34, 1,  11, 2145, 100, true,  true),
(114, 38, 38, 9,  9,  8,  2,  2, 1, 867.30,  false, 54.12, 16, 3,  1056, 5,   true,  true),
(115, 19, 39, 1,  22, 2,  3,  2, 2, 1234.50, false, 58.90, 12, 4,  1345, 10,  true,  true),
(116, 29, 39, 6,  35, 6,  7,  0, 3, 2567.80, true,  66.89, 1,  10, 2145, 100, true,  true),
(117, 39, 39, 24, 48, 23, 1,  3, 0, 634.50,  false, 48.34, 20, 1,  756,  -15, true,  true),
(118, 20, 40, 13, 11, 15, 7,  0, 3, 2678.90, true,  65.56, 1,  10, 1878, 100, true,  true),
(119, 30, 40, 9,  24, 8,  3,  2, 1, 1123.40, false, 53.12, 14, 4,  1234, 5,   true,  true),
(120, 40, 40, 1,  37, 1,  2,  2, 2, 978.30,  false, 53.67, 15, 3,  1123, 5,   true,  true),
(121, 21, 41, 6,  50, 6,  5,  1, 3, 1923.40, false, 62.34, 5,  7,  2312, 30,  true,  true),
(122, 31, 41, 18, 13, 23, 1,  3, 1, 678.30,  false, 49.78, 19, 2,  789,  -10, true,  true),
(123, 41, 41, 13, 26, 15, 3,  2, 2, 1234.50, false, 49.56, 13, 4,  1234, 5,   true,  true),
(124, 22, 42, 9,  39, 8,  4,  1, 2, 1678.90, false, 61.01, 6,  6,  1989, 25,  true,  true),
(125, 32, 42, 1,  2,  1,  2,  2, 1, 823.40,  false, 46.23, 17, 3,  934,  -5,  true,  true),
(126, 42, 42, 6,  15, 6,  7,  0, 4, 2456.70, true,  61.45, 1,  9,  1989, 100, true,  true),
(127, 23, 43, 13, 28, 15, 6,  0, 3, 2234.50, true,  61.78, 2,  8,  2056, 80,  true,  true),
(128, 33, 43, 18, 41, 23, 4,  1, 2, 1567.80, false, 60.89, 7,  5,  1734, 25,  true,  true),
(129, 43, 43, 9,  4,  8,  1,  3, 0, 567.30,  false, 48.78, 20, 1,  678,  -15, false, true),
(130, 24, 44, 6,  17, 6,  7,  0, 3, 2567.80, true,  64.45, 1,  10, 1923, 100, true,  true),
(131, 34, 44, 1,  30, 1,  5,  1, 2, 1867.40, false, 62.56, 4,  7,  1712, 35,  true,  true),
(132, 44, 44, 13, 43, 15, 1,  3, 0, 567.30,  false, 46.23, 20, 1,  678,  -15, false, true),
(133, 25, 45, 9,  6,  8,  3,  2, 1, 1123.40, false, 54.34, 12, 4,  2189, 10,  true,  true),
(134, 35, 45, 6,  19, 6,  5,  1, 3, 1867.40, false, 59.67, 6,  7,  1856, 25,  true,  true),
(135, 45, 45, 13, 32, 15, 6,  0, 3, 2234.50, true,  61.23, 2,  8,  2189, 80,  true,  true),
(136, 26, 46, 1,  45, 1,  4,  1, 2, 1567.80, false, 58.12, 8,  6,  1856, 20,  true,  true),
(137, 36, 46, 18, 8,  23, 2,  2, 1, 867.30,  false, 60.12, 15, 3,  1234, 5,   true,  true),
(138, 46, 46, 6,  21, 6,  7,  0, 3, 2567.80, true,  63.89, 1,  10, 2234, 100, true,  true),
(139, 27, 47, 13, 34, 15, 6,  0, 4, 2345.60, true,  63.23, 2,  8,  2234, 80,  true,  true),
(140, 37, 47, 9,  47, 8,  2,  2, 1, 867.30,  false, 57.89, 16, 3,  1123, 5,   true,  true),
(141, 47, 47, 1,  10, 1,  5,  1, 2, 1923.40, false, 61.34, 5,  7,  1978, 40,  true,  true),
(142, 28, 48, 6,  23, 6,  8,  0, 2, 2890.30, true,  65.34, 1,  11, 1978, 100, true,  true),
(143, 38, 48, 13, 36, 15, 3,  2, 2, 1234.50, false, 54.12, 11, 4,  1345, 10,  true,  true),
(144, 48, 48, 18, 49, 23, 0,  3, 1, 423.40,  false, 43.78, 20, 1,  567,  -20, false, true),
(145, 29, 49, 1,  12, 1,  7,  0, 3, 2567.80, true,  66.89, 1,  10, 2067, 100, true,  true),
(146, 39, 49, 9,  25, 8,  1,  3, 0, 567.30,  false, 48.34, 20, 1,  678,  -15, false, true),
(147, 49, 49, 6,  38, 6,  3,  2, 2, 1123.40, false, 45.89, 13, 4,  1345, 10,  true,  true),
(148, 30, 50, 13, 1,  15, 4,  1, 3, 1678.90, false, 53.12, 9,  5,  1845, 20,  true,  true),
(149, 40, 50, 1,  14, 1,  2,  2, 1, 867.30,  false, 53.67, 16, 3,  1056, 5,   true,  true),
(150, 50, 50, 6,  27, 6,  7,  0, 3, 2456.70, true,  62.67, 1,  9,  1845, 100, true,  true),
(151, 1,  51, 13, 40, 15, 8,  0, 4, 2890.30, true,  67.45, 1,  11, 2156, 100, true,  true),
(152, 11, 51, 6,  3,  6,  5,  1, 2, 1923.40, false, 61.23, 4,  7,  1734, 35,  true,  true),
(153, 21, 51, 1,  16, 1,  4,  1, 3, 1567.80, false, 62.34, 6,  6,  1623, 25,  true,  true),
(154, 2,  52, 9,  29, 8,  4,  1, 2, 1678.90, false, 64.23, 5,  6,  1923, 30,  true,  true),
(155, 12, 52, 13, 42, 15, 6,  0, 3, 2234.50, true,  54.89, 2,  8,  1834, 80,  true,  true),
(156, 22, 52, 18, 5,  23, 3,  2, 1, 1034.50, false, 61.01, 11, 4,  1345, 10,  true,  true),
(157, 3,  53, 6,  18, 6,  5,  1, 3, 1867.40, false, 65.89, 4,  7,  2289, 30,  true,  true),
(158, 13, 53, 1,  31, 1,  7,  0, 2, 2567.80, true,  63.45, 1,  10, 2289, 100, true,  true),
(159, 23, 53, 13, 44, 15, 5,  1, 3, 1867.40, false, 61.78, 5,  7,  1934, 30,  true,  true),
(160, 4,  54, 9,  7,  8,  6,  0, 3, 2345.60, true,  66.34, 1,  9,  1967, 100, true,  true),
(161, 14, 54, 6,  20, 6,  5,  1, 2, 1923.40, false, 64.67, 3,  7,  1734, 55,  true,  true),
(162, 24, 54, 13, 33, 15, 7,  0, 3, 2567.80, true,  64.45, 2,  10, 1967, 80,  true,  true),
(163, 5,  55, 1,  46, 1,  4,  1, 2, 1567.80, false, 62.11, 7,  6,  2134, 25,  true,  true),
(164, 15, 55, 6,  9,  6,  9,  0, 2, 3123.40, true,  68.34, 1,  12, 2134, 100, true,  true),
(165, 25, 55, 18, 22, 23, 2,  2, 1, 978.30,  false, 54.34, 14, 3,  1867, 5,   true,  true),
(166, 6,  56, 13, 35, 15, 3,  2, 2, 1234.50, false, 60.78, 12, 4,  1856, 10,  true,  true),
(167, 16, 56, 9,  48, 8,  2,  2, 1, 867.30,  false, 53.78, 17, 3,  1023, 5,   true,  true),
(168, 26, 56, 1,  11, 1,  4,  1, 3, 1567.80, false, 58.12, 8,  6,  1712, 20,  true,  true),
(169, 7,  57, 6,  24, 6,  8,  0, 3, 2890.30, true,  69.12, 1,  11, 2312, 100, true,  true),
(170, 17, 57, 13, 37, 15, 6,  0, 4, 2345.60, true,  65.12, 2,  9,  1989, 80,  true,  true),
(171, 27, 57, 18, 50, 23, 3,  2, 2, 1123.40, false, 63.23, 10, 4,  1345, 15,  true,  true),
(172, 8,  58, 9,  13, 8,  3,  2, 1, 1123.40, false, 59.34, 13, 4,  1989, 10,  true,  true),
(173, 18, 58, 1,  26, 1,  5,  1, 3, 1867.40, false, 63.89, 4,  7,  1734, 35,  true,  true),
(174, 28, 58, 13, 39, 15, 8,  0, 2, 2890.30, true,  65.34, 1,  11, 2078, 100, true,  true),
(175, 9,  59, 6,  2,  6,  7,  0, 4, 2567.80, true,  66.78, 1,  10, 1934, 100, true,  true),
(176, 19, 59, 24, 15, 23, 3,  2, 1, 1123.40, false, 58.90, 12, 4,  1234, 10,  true,  true),
(177, 29, 59, 1,  28, 1,  5,  1, 3, 1867.40, false, 66.89, 4,  7,  1712, 35,  true,  true),
(178, 10, 60, 13, 41, 15, 2,  2, 1, 978.30,  false, 55.67, 15, 3,  1934, 5,   true,  true),
(179, 20, 60, 6,  4,  6,  7,  0, 3, 2567.80, true,  65.56, 1,  10, 1934, 100, true,  true),
(180, 30, 60, 9,  17, 8,  3,  2, 2, 1123.40, false, 53.12, 11, 4,  1345, 10,  true,  true);

CREATE TABLE IF NOT EXISTS PlayerWeaponPerformance (
   player_weapon_perf_id INT PRIMARY KEY,
   player_id INT,
   weapon_id INT,
   matches_used INT,
   total_kills INT,
   avg_damage DECIMAL(8,2),
   avg_accuracy_pct DECIMAL(5,2),
   avg_damage_per_match DECIMAL(8,2),
   usage_rate DECIMAL(5,2),
   kd_ratio DECIMAL(6,2),
   FOREIGN KEY (player_id) REFERENCES Player(player_id),
   FOREIGN KEY (weapon_id) REFERENCES Weapon(weapon_id)
);

INSERT INTO PlayerWeaponPerformance (player_weapon_perf_id, player_id, weapon_id, matches_used, total_kills, avg_damage, avg_accuracy_pct, avg_damage_per_match, usage_rate, kd_ratio) VALUES
(1,   1,  1,  45, 189, 2840.50, 67.45, 1823.40, 72.30, 4.20),
(2,   1,  6,  32, 134, 2234.60, 65.12, 1567.80, 51.60, 3.80),
(3,   2,  1,  38, 156, 2456.70, 64.23, 1678.90, 61.30, 3.50),
(4,   2,  15, 28, 98,  1867.40, 62.11, 1345.60, 45.20, 2.90),
(5,   3,  2,  41, 167, 2567.80, 65.89, 1734.50, 66.10, 3.70),
(6,   3,  19, 22, 78,  1678.90, 63.45, 1234.50, 35.50, 2.80),
(7,   4,  1,  50, 210, 2890.30, 66.34, 1923.40, 80.60, 4.50),
(8,   4,  8,  30, 112, 1923.40, 64.67, 1456.70, 48.40, 3.20),
(9,   5,  6,  42, 158, 2345.60, 62.11, 1567.80, 67.70, 3.40),
(10,  5,  15, 25, 89,  1567.80, 60.34, 1234.50, 40.30, 2.70),
(11,  6,  23, 35, 112, 1789.30, 60.78, 1345.60, 56.50, 2.80),
(12,  6,  27, 28, 78,  1234.50, 58.90, 978.30,  45.20, 2.10),
(13,  7,  1,  55, 234, 3123.40, 69.12, 2089.30, 88.70, 5.10),
(14,  7,  6,  40, 178, 2678.90, 67.34, 1867.40, 64.50, 4.30),
(15,  8,  2,  32, 112, 1867.40, 59.34, 1345.60, 51.60, 2.90),
(16,  8,  23, 28, 89,  1567.80, 57.12, 1123.40, 45.20, 2.40),
(17,  9,  15, 48, 198, 2890.30, 66.78, 1923.40, 77.40, 4.20),
(18,  9,  1,  38, 156, 2456.70, 65.12, 1678.90, 61.30, 3.80),
(19,  10, 8,  30, 89,  1456.70, 55.67, 1123.40, 48.40, 2.20),
(20,  10, 19, 22, 67,  1234.50, 53.45, 978.30,  35.50, 1.90),
(21,  11, 6,  40, 156, 2234.50, 61.23, 1567.80, 64.50, 3.50),
(22,  11, 15, 28, 98,  1678.90, 59.45, 1234.50, 45.20, 2.80),
(23,  12, 9,  32, 89,  1456.70, 54.89, 1123.40, 51.60, 2.10),
(24,  12, 23, 25, 67,  1234.50, 52.67, 978.30,  40.30, 1.80),
(25,  13, 1,  45, 178, 2567.80, 63.45, 1734.50, 72.60, 3.90),
(26,  13, 6,  35, 134, 2123.40, 61.23, 1456.70, 56.50, 3.40),
(27,  14, 1,  42, 167, 2456.70, 64.67, 1678.90, 67.70, 3.70),
(28,  14, 15, 30, 112, 1867.40, 62.45, 1345.60, 48.40, 3.10),
(29,  15, 6,  52, 223, 3012.40, 68.34, 1978.50, 83.90, 4.80),
(30,  15, 1,  42, 178, 2678.90, 66.12, 1823.40, 67.70, 4.20),
(31,  16, 19, 28, 78,  1234.50, 53.78, 978.30,  45.20, 1.80),
(32,  16, 8,  22, 56,  1023.40, 51.56, 823.40,  35.50, 1.50),
(33,  17, 1,  48, 198, 2678.90, 65.12, 1823.40, 77.40, 4.20),
(34,  17, 6,  38, 156, 2345.60, 63.34, 1567.80, 61.30, 3.70),
(35,  18, 2,  42, 167, 2456.70, 63.89, 1678.90, 67.70, 3.60),
(36,  18, 15, 32, 112, 1867.40, 61.67, 1345.60, 51.60, 3.00),
(37,  19, 23, 35, 98,  1456.70, 58.90, 1123.40, 56.50, 2.30),
(38,  19, 27, 28, 78,  1234.50, 56.78, 978.30,  45.20, 2.00),
(39,  20, 15, 50, 210, 2890.30, 65.56, 1923.40, 80.60, 4.50),
(40,  20, 1,  40, 167, 2456.70, 63.78, 1678.90, 64.50, 3.80),
(41,  21, 6,  40, 156, 2234.50, 62.34, 1567.80, 64.50, 3.40),
(42,  21, 15, 30, 112, 1678.90, 60.12, 1234.50, 48.40, 2.90),
(43,  22, 8,  32, 98,  1567.80, 61.01, 1234.50, 51.60, 2.70),
(44,  22, 19, 25, 78,  1345.60, 58.89, 1056.70, 40.30, 2.20),
(45,  23, 1,  42, 167, 2456.70, 61.78, 1678.90, 67.70, 3.60),
(46,  23, 6,  32, 123, 1978.50, 59.56, 1345.60, 51.60, 3.10),
(47,  24, 15, 48, 198, 2890.30, 64.45, 1923.40, 77.40, 4.20),
(48,  24, 1,  38, 156, 2456.70, 62.23, 1678.90, 61.30, 3.70),
(49,  25, 9,  30, 89,  1456.70, 54.34, 1123.40, 48.40, 2.10),
(50,  25, 19, 22, 67,  1234.50, 52.12, 978.30,  35.50, 1.80),
(51,  26, 23, 35, 112, 1678.90, 58.12, 1234.50, 56.50, 2.60),
(52,  26, 6,  28, 89,  1456.70, 56.34, 1056.70, 45.20, 2.30),
(53,  27, 1,  42, 167, 2456.70, 63.23, 1678.90, 67.70, 3.60),
(54,  27, 15, 32, 112, 1867.40, 61.01, 1345.60, 51.60, 3.00),
(55,  28, 15, 50, 210, 2890.30, 65.34, 1923.40, 80.60, 4.50),
(56,  28, 1,  40, 167, 2456.70, 63.12, 1678.90, 64.50, 3.80),
(57,  29, 1,  48, 198, 2678.90, 66.89, 1823.40, 77.40, 4.20),
(58,  29, 6,  38, 156, 2345.60, 64.67, 1567.80, 61.30, 3.70),
(59,  30, 8,  28, 78,  1234.50, 53.12, 978.30,  45.20, 1.80),
(60,  30, 19, 22, 56,  1056.70, 51.34, 823.40,  35.50, 1.50),
(61,  31, 23, 25, 56,  1023.40, 49.78, 823.40,  40.30, 1.40),
(62,  32, 27, 20, 45,  867.30,  46.23, 678.90,  32.30, 1.20),
(63,  33, 6,  40, 156, 2123.40, 60.89, 1456.70, 64.50, 3.30),
(64,  34, 1,  42, 167, 2345.60, 62.56, 1567.80, 67.70, 3.50),
(65,  35, 15, 35, 123, 1867.40, 59.67, 1345.60, 56.50, 2.90),
(66,  36, 6,  38, 145, 2123.40, 60.12, 1456.70, 61.30, 3.20),
(67,  37, 23, 30, 89,  1456.70, 57.89, 1123.40, 48.40, 2.20),
(68,  38, 9,  25, 67,  1234.50, 54.12, 978.30,  40.30, 1.80),
(69,  39, 27, 20, 45,  867.30,  48.34, 678.90,  32.30, 1.20),
(70,  40, 8,  28, 78,  1345.60, 53.67, 1056.70, 45.20, 1.90),
(71,  41, 1,  30, 89,  1456.70, 49.56, 1123.40, 48.40, 2.10),
(72,  42, 6,  45, 178, 2456.70, 61.45, 1678.90, 72.60, 3.80),
(73,  43, 9,  22, 45,  867.30,  48.78, 678.90,  35.50, 1.20),
(74,  44, 23, 18, 34,  756.30,  46.23, 589.40,  29.00, 0.90),
(75,  45, 6,  42, 167, 2345.60, 61.23, 1567.80, 67.70, 3.50),
(76,  46, 15, 45, 178, 2567.80, 63.89, 1734.50, 72.60, 3.90),
(77,  47, 1,  38, 145, 2123.40, 61.34, 1456.70, 61.30, 3.20),
(78,  48, 23, 18, 34,  756.30,  43.78, 589.40,  29.00, 0.80),
(79,  49, 8,  25, 67,  1123.40, 45.89, 867.30,  40.30, 1.60),
(80,  50, 6,  45, 178, 2456.70, 62.67, 1678.90, 72.60, 3.80),
(81,  51, 23, 28, 78,  1234.50, 58.56, 978.30,  45.20, 1.90),
(82,  52, 15, 35, 112, 1678.90, 53.45, 1234.50, 56.50, 2.60),
(83,  53, 9,  20, 45,  867.30,  48.12, 678.90,  32.30, 1.10),
(84,  54, 2,  25, 67,  1123.40, 46.78, 867.30,  40.30, 1.60),
(85,  55, 6,  42, 167, 2345.60, 60.34, 1567.80, 67.70, 3.50),
(86,  56, 27, 18, 34,  678.90,  44.56, 534.50,  29.00, 0.80),
(87,  57, 15, 38, 145, 2123.40, 58.56, 1456.70, 61.30, 3.10),
(88,  58, 8,  30, 89,  1456.70, 59.89, 1123.40, 48.40, 2.20),
(89,  59, 23, 15, 23,  567.30,  38.45, 423.40,  24.20, 0.60),
(90,  60, 1,  28, 78,  1234.50, 51.23, 978.30,  45.20, 1.80),
(91,  1,  15, 40, 167, 2456.70, 66.23, 1678.90, 64.50, 3.90),
(92,  2,  6,  35, 134, 2123.40, 63.45, 1456.70, 56.50, 3.30),
(93,  3,  1,  38, 156, 2345.60, 64.78, 1567.80, 61.30, 3.60),
(94,  4,  6,  42, 167, 2456.70, 65.56, 1678.90, 67.70, 3.80),
(95,  5,  2,  30, 98,  1567.80, 61.23, 1234.50, 48.40, 2.70),
(96,  6,  19, 25, 67,  1123.40, 59.67, 867.30,  40.30, 1.80),
(97,  7,  15, 48, 198, 2890.30, 68.34, 1923.40, 77.40, 4.50),
(98,  8,  1,  30, 98,  1567.80, 58.23, 1234.50, 48.40, 2.60),
(99,  9,  6,  42, 167, 2456.70, 65.67, 1678.90, 67.70, 3.80),
(100, 10, 2,  25, 67,  1123.40, 54.56, 867.30,  40.30, 1.70),
(101, 11, 1,  38, 145, 2123.40, 60.12, 1456.70, 61.30, 3.20),
(102, 12, 6,  28, 89,  1345.60, 53.78, 1056.70, 45.20, 2.00),
(103, 13, 15, 42, 167, 2456.70, 62.34, 1678.90, 67.70, 3.70),
(104, 14, 6,  38, 145, 2123.40, 63.56, 1456.70, 61.30, 3.30),
(105, 15, 15, 50, 210, 2890.30, 67.23, 1923.40, 80.60, 4.60),
(106, 16, 1,  25, 67,  1123.40, 52.67, 867.30,  40.30, 1.70),
(107, 17, 15, 45, 178, 2567.80, 64.01, 1734.50, 72.60, 4.00),
(108, 18, 6,  40, 156, 2234.50, 62.78, 1567.80, 64.50, 3.50),
(109, 19, 2,  28, 78,  1234.50, 57.89, 978.30,  45.20, 1.90),
(110, 20, 6,  45, 178, 2567.80, 64.45, 1734.50, 72.60, 4.00),
(111, 21, 1,  35, 123, 1867.40, 61.23, 1345.60, 56.50, 3.00),
(112, 22, 6,  30, 98,  1567.80, 60.12, 1234.50, 48.40, 2.70),
(113, 23, 15, 40, 156, 2234.50, 60.67, 1567.80, 64.50, 3.40),
(114, 24, 6,  45, 178, 2567.80, 63.34, 1734.50, 72.60, 4.00),
(115, 25, 1,  28, 78,  1234.50, 53.23, 978.30,  45.20, 1.80),
(116, 26, 15, 32, 112, 1678.90, 57.01, 1234.50, 51.60, 2.70),
(117, 27, 6,  40, 156, 2234.50, 62.12, 1567.80, 64.50, 3.40),
(118, 28, 6,  45, 178, 2567.80, 64.23, 1734.50, 72.60, 4.00),
(119, 29, 15, 45, 178, 2567.80, 65.78, 1734.50, 72.60, 4.10),
(120, 30, 1,  25, 67,  1123.40, 52.01, 867.30,  40.30, 1.60),
(121, 31, 6,  20, 45,  867.30,  48.67, 678.90,  32.30, 1.10),
(122, 32, 1,  18, 34,  756.30,  45.12, 589.40,  29.00, 0.90),
(123, 33, 15, 38, 145, 2123.40, 59.78, 1456.70, 61.30, 3.20),
(124, 34, 6,  40, 156, 2234.50, 61.45, 1567.80, 64.50, 3.40),
(125, 35, 1,  32, 112, 1678.90, 58.56, 1234.50, 51.60, 2.80),
(126, 36, 15, 35, 123, 1867.40, 59.01, 1345.60, 56.50, 2.90),
(127, 37, 6,  28, 89,  1345.60, 56.78, 1056.70, 45.20, 2.10),
(128, 38, 1,  22, 56,  1023.40, 53.01, 823.40,  35.50, 1.50),
(129, 39, 9,  18, 34,  678.90,  47.23, 534.50,  29.00, 0.80),
(130, 40, 6,  25, 67,  1123.40, 52.56, 867.30,  40.30, 1.70);

CREATE TABLE IF NOT EXISTS PlayerLegendPerformance (
   player_legend_perf_id INT PRIMARY KEY,
   player_id INT,
   legend_id INT,
   matches_played INT,
   wins INT,
   win_rate DECIMAL(5,2),
   avg_damage DECIMAL(8,2),
   kd_ratio DECIMAL(6,2),
   FOREIGN KEY (player_id) REFERENCES Player(player_id),
   FOREIGN KEY (legend_id) REFERENCES Legend(legend_id)
);

INSERT INTO PlayerLegendPerformance (player_legend_perf_id, player_id, legend_id, matches_played, wins, win_rate, avg_damage, kd_ratio) VALUES
(1,   1,  13, 48, 18, 37.50, 2840.50, 4.20),
(2,   1,  6,  32, 10, 31.25, 2234.60, 3.80),
(3,   2,  6,  40, 13, 32.50, 2456.70, 3.50),
(4,   2,  1,  28, 8,  28.57, 1867.40, 2.90),
(5,   3,  1,  42, 14, 33.33, 2567.80, 3.70),
(6,   3,  13, 22, 7,  31.82, 1678.90, 2.80),
(7,   4,  9,  50, 18, 36.00, 2890.30, 4.50),
(8,   4,  6,  30, 9,  30.00, 1923.40, 3.20),
(9,   5,  13, 42, 13, 30.95, 2345.60, 3.40),
(10,  5,  1,  25, 7,  28.00, 1567.80, 2.70),
(11,  6,  18, 35, 8,  22.86, 1789.30, 2.80),
(12,  6,  24, 28, 6,  21.43, 1234.50, 2.10),
(13,  7,  6,  55, 22, 40.00, 3123.40, 5.10),
(14,  7,  13, 40, 15, 37.50, 2678.90, 4.30),
(15,  8,  1,  32, 7,  21.88, 1867.40, 2.90),
(16,  8,  18, 28, 5,  17.86, 1567.80, 2.40),
(17,  9,  13, 48, 17, 35.42, 2890.30, 4.20),
(18,  9,  6,  38, 13, 34.21, 2456.70, 3.80),
(19,  10, 14, 30, 5,  16.67, 1456.70, 2.20),
(20,  10, 9,  22, 3,  13.64, 1234.50, 1.90),
(21,  11, 24, 40, 11, 27.50, 2234.50, 3.50),
(22,  11, 6,  28, 7,  25.00, 1678.90, 2.80),
(23,  12, 8,  32, 6,  18.75, 1456.70, 2.10),
(24,  12, 9,  25, 4,  16.00, 1234.50, 1.80),
(25,  13, 6,  45, 14, 31.11, 2567.80, 3.90),
(26,  13, 13, 35, 10, 28.57, 2123.40, 3.40),
(27,  14, 1,  42, 13, 30.95, 2456.70, 3.70),
(28,  14, 6,  30, 8,  26.67, 1867.40, 3.10),
(29,  15, 13, 52, 20, 38.46, 3012.40, 4.80),
(30,  15, 6,  42, 16, 38.10, 2678.90, 4.20),
(31,  16, 9,  28, 4,  14.29, 1234.50, 1.80),
(32,  16, 18, 22, 3,  13.64, 1023.40, 1.50),
(33,  17, 6,  48, 16, 33.33, 2678.90, 4.20),
(34,  17, 13, 38, 12, 31.58, 2345.60, 3.70),
(35,  18, 1,  42, 13, 30.95, 2456.70, 3.60),
(36,  18, 6,  32, 9,  28.13, 1867.40, 3.00),
(37,  19, 18, 35, 6,  17.14, 1456.70, 2.30),
(38,  19, 24, 28, 5,  17.86, 1234.50, 2.00),
(39,  20, 13, 50, 18, 36.00, 2890.30, 4.50),
(40,  20, 6,  40, 14, 35.00, 2456.70, 3.80),
(41,  21, 6,  40, 12, 30.00, 2234.50, 3.40),
(42,  21, 13, 30, 8,  26.67, 1678.90, 2.90),
(43,  22, 14, 32, 7,  21.88, 1567.80, 2.70),
(44,  22, 9,  25, 5,  20.00, 1345.60, 2.20),
(45,  23, 1,  42, 12, 28.57, 2456.70, 3.60),
(46,  23, 13, 32, 9,  28.13, 1978.50, 3.10),
(47,  24, 13, 48, 16, 33.33, 2890.30, 4.20),
(48,  24, 6,  38, 12, 31.58, 2456.70, 3.70),
(49,  25, 9,  30, 5,  16.67, 1456.70, 2.10),
(50,  25, 18, 22, 3,  13.64, 1234.50, 1.80),
(51,  26, 24, 35, 7,  20.00, 1678.90, 2.60),
(52,  26, 6,  28, 6,  21.43, 1456.70, 2.30),
(53,  27, 6,  42, 13, 30.95, 2456.70, 3.60),
(54,  27, 13, 32, 9,  28.13, 1867.40, 3.00),
(55,  28, 13, 50, 18, 36.00, 2890.30, 4.50),
(56,  28, 6,  40, 14, 35.00, 2456.70, 3.80),
(57,  29, 6,  48, 17, 35.42, 2678.90, 4.20),
(58,  29, 1,  38, 13, 34.21, 2345.60, 3.70),
(59,  30, 9,  28, 4,  14.29, 1234.50, 1.80),
(60,  30, 6,  22, 3,  13.64, 1056.70, 1.50),
(61,  31, 18, 25, 3,  12.00, 1023.40, 1.40),
(62,  32, 8,  20, 2,  10.00, 867.30,  1.20),
(63,  33, 6,  40, 12, 30.00, 2123.40, 3.30),
(64,  34, 13, 42, 13, 30.95, 2345.60, 3.50),
(65,  35, 1,  35, 9,  25.71, 1867.40, 2.90),
(66,  36, 6,  38, 10, 26.32, 2123.40, 3.20),
(67,  37, 24, 30, 5,  16.67, 1456.70, 2.20),
(68,  38, 6,  25, 4,  16.00, 1234.50, 1.80),
(69,  39, 18, 20, 2,  10.00, 867.30,  1.20),
(70,  40, 9,  28, 4,  14.29, 1345.60, 1.90),
(71,  41, 1,  30, 5,  16.67, 1456.70, 2.10),
(72,  42, 13, 45, 14, 31.11, 2456.70, 3.80),
(73,  43, 8,  22, 2,  9.09,  867.30,  1.20),
(74,  44, 18, 18, 1,  5.56,  756.30,  0.90),
(75,  45, 6,  42, 13, 30.95, 2345.60, 3.50),
(76,  46, 13, 45, 14, 31.11, 2567.80, 3.90),
(77,  47, 1,  38, 10, 26.32, 2123.40, 3.20),
(78,  48, 18, 18, 1,  5.56,  756.30,  0.80),
(79,  49, 18, 25, 3,  12.00, 1123.40, 1.60),
(80,  50, 6,  45, 14, 31.11, 2456.70, 3.80),
(81,  51, 24, 28, 5,  17.86, 1234.50, 1.90),
(82,  52, 13, 35, 8,  22.86, 1678.90, 2.60),
(83,  53, 8,  20, 2,  10.00, 867.30,  1.10),
(84,  54, 1,  25, 3,  12.00, 1123.40, 1.60),
(85,  55, 6,  42, 13, 30.95, 2345.60, 3.50),
(86,  56, 18, 18, 1,  5.56,  678.90,  0.80),
(87,  57, 13, 38, 10, 26.32, 2123.40, 3.10),
(88,  58, 9,  30, 6,  20.00, 1456.70, 2.20),
(89,  59, 18, 15, 1,  6.67,  567.30,  0.60),
(90,  60, 1,  28, 4,  14.29, 1234.50, 1.80),
(91,  1,  1,  35, 11, 31.43, 2234.50, 3.60),
(92,  2,  13, 30, 9,  30.00, 2012.30, 3.20),
(93,  3,  6,  35, 11, 31.43, 2234.50, 3.40),
(94,  4,  13, 38, 13, 34.21, 2567.80, 4.00),
(95,  5,  6,  32, 9,  28.13, 1923.40, 3.10),
(96,  6,  9,  25, 4,  16.00, 1123.40, 1.80),
(97,  7,  1,  40, 15, 37.50, 2678.90, 4.40),
(98,  8,  13, 25, 4,  16.00, 1234.50, 2.10),
(99,  9,  1,  35, 12, 34.29, 2345.60, 3.70),
(100, 10, 18, 20, 2,  10.00, 978.30,  1.50),
(101, 11, 13, 32, 8,  25.00, 1867.40, 3.00),
(102, 12, 1,  25, 3,  12.00, 1123.40, 1.70),
(103, 13, 9,  30, 7,  23.33, 1678.90, 2.80),
(104, 14, 13, 32, 9,  28.13, 1867.40, 3.00),
(105, 15, 1,  40, 15, 37.50, 2678.90, 4.30),
(106, 16, 6,  20, 2,  10.00, 978.30,  1.50),
(107, 17, 1,  38, 12, 31.58, 2345.60, 3.60),
(108, 18, 13, 35, 10, 28.57, 2123.40, 3.30),
(109, 19, 6,  25, 4,  16.00, 1234.50, 1.90),
(110, 20, 9,  35, 11, 31.43, 2234.50, 3.50),
(111, 21, 18, 25, 3,  12.00, 1123.40, 1.80),
(112, 22, 1,  28, 5,  17.86, 1345.60, 2.10),
(113, 23, 6,  35, 10, 28.57, 1978.50, 3.10),
(114, 24, 1,  35, 11, 31.43, 2234.50, 3.60),
(115, 25, 6,  25, 3,  12.00, 1123.40, 1.70),
(116, 26, 1,  28, 5,  17.86, 1345.60, 2.10),
(117, 27, 18, 30, 6,  20.00, 1456.70, 2.40),
(118, 28, 1,  38, 13, 34.21, 2456.70, 3.90),
(119, 29, 13, 40, 14, 35.00, 2567.80, 4.00),
(120, 30, 13, 22, 3,  13.64, 1056.70, 1.60),
(121, 31, 9,  18, 1,  5.56,  756.30,  0.90),
(122, 32, 6,  15, 1,  6.67,  634.50,  0.80),
(123, 33, 1,  35, 10, 28.57, 1978.50, 3.10),
(124, 34, 6,  38, 11, 28.95, 2123.40, 3.30),
(125, 35, 13, 30, 7,  23.33, 1678.90, 2.70),
(126, 36, 13, 32, 8,  25.00, 1867.40, 2.90),
(127, 37, 1,  25, 3,  12.00, 1123.40, 1.70),
(128, 38, 13, 20, 2,  10.00, 867.30,  1.30),
(129, 39, 24, 15, 1,  6.67,  634.50,  0.70),
(130, 40, 9,  22, 2,  9.09,  867.30,  1.20);

CREATE TABLE IF NOT EXISTS TeamComposition (
   composition_id INT PRIMARY KEY,
   match_id INT,
   team_id INT,
   legend_1 INT,
   legend_2 INT,
   legend_3 INT,
   FOREIGN KEY (match_id) REFERENCES `Match`(match_id),
   FOREIGN KEY (team_id) REFERENCES Team(team_id),
   FOREIGN KEY (legend_1) REFERENCES Legend(legend_id),
   FOREIGN KEY (legend_2) REFERENCES Legend(legend_id),
   FOREIGN KEY (legend_3) REFERENCES Legend(legend_id)
);

INSERT INTO TeamComposition (composition_id, match_id, team_id, legend_1, legend_2, legend_3) VALUES
(1,   1,  1,  13, 6,  18),
(2,   1,  2,  1,  9,  24),
(3,   1,  3,  6,  13, 19),
(4,   2,  4,  9,  1,  18),
(5,   2,  5,  13, 6,  21),
(6,   2,  6,  18, 24, 1),
(7,   3,  7,  6,  13, 19),
(8,   3,  8,  1,  18, 9),
(9,   3,  9,  13, 6,  24),
(10,  4,  10, 14, 9,  18),
(11,  4,  11, 24, 1,  6),
(12,  4,  12, 8,  13, 19),
(13,  5,  13, 6,  13, 18),
(14,  5,  14, 1,  9,  24),
(15,  5,  15, 13, 6,  19),
(16,  6,  16, 9,  18, 1),
(17,  6,  17, 6,  13, 21),
(18,  6,  18, 1,  24, 6),
(19,  7,  19, 18, 9,  13),
(20,  7,  20, 13, 6,  24),
(21,  7,  21, 6,  1,  19),
(22,  8,  22, 14, 18, 9),
(23,  8,  23, 1,  13, 24),
(24,  8,  24, 13, 6,  19),
(25,  9,  25, 9,  18, 1),
(26,  9,  26, 24, 13, 6),
(27,  9,  27, 6,  1,  19),
(28,  10, 28, 13, 6,  18),
(29,  10, 29, 1,  9,  24),
(30,  10, 30, 9,  13, 19),
(31,  11, 31, 18, 1,  13),
(32,  11, 32, 8,  6,  24),
(33,  11, 33, 6,  13, 19),
(34,  12, 34, 13, 6,  18),
(35,  12, 35, 1,  9,  24),
(36,  12, 1,  6,  13, 19),
(37,  13, 2,  24, 1,  18),
(38,  13, 3,  6,  13, 21),
(39,  13, 4,  18, 9,  6),
(40,  14, 5,  13, 6,  19),
(41,  14, 6,  1,  18, 24),
(42,  14, 7,  6,  13, 9),
(43,  15, 8,  9,  1,  18),
(44,  15, 9,  13, 6,  24),
(45,  15, 10, 6,  13, 19),
(46,  16, 11, 9,  18, 1),
(47,  16, 12, 24, 13, 6),
(48,  16, 13, 6,  1,  21),
(49,  17, 14, 18, 9,  13),
(50,  17, 15, 13, 6,  24),
(51,  17, 16, 6,  1,  19),
(52,  18, 17, 14, 18, 9),
(53,  18, 18, 1,  13, 24),
(54,  18, 19, 13, 6,  18),
(55,  19, 20, 9,  18, 1),
(56,  19, 21, 24, 13, 6),
(57,  19, 22, 6,  1,  19),
(58,  20, 23, 13, 6,  18),
(59,  20, 24, 1,  9,  24),
(60,  20, 25, 9,  13, 21),
(61,  21, 26, 18, 1,  13),
(62,  21, 27, 8,  6,  24),
(63,  21, 28, 6,  13, 19),
(64,  22, 29, 13, 6,  18),
(65,  22, 30, 1,  9,  24),
(66,  22, 31, 6,  13, 19),
(67,  23, 32, 24, 1,  18),
(68,  23, 33, 6,  13, 21),
(69,  23, 34, 18, 9,  6),
(70,  24, 35, 13, 6,  19),
(71,  24, 1,  1,  18, 24),
(72,  24, 2,  6,  13, 9),
(73,  25, 3,  9,  1,  18),
(74,  25, 4,  13, 6,  24),
(75,  25, 5,  6,  13, 19),
(76,  26, 6,  9,  18, 1),
(77,  26, 7,  24, 13, 6),
(78,  26, 8,  6,  1,  21),
(79,  27, 9,  18, 9,  13),
(80,  27, 10, 13, 6,  24),
(81,  27, 11, 6,  1,  19),
(82,  28, 12, 14, 18, 9),
(83,  28, 13, 1,  13, 24),
(84,  28, 14, 13, 6,  18),
(85,  29, 15, 9,  18, 1),
(86,  29, 16, 24, 13, 6),
(87,  29, 17, 6,  1,  19),
(88,  30, 18, 13, 6,  18),
(89,  30, 19, 1,  9,  24),
(90,  30, 20, 9,  13, 21),
(91,  31, 21, 18, 1,  13),
(92,  31, 22, 8,  6,  24),
(93,  31, 23, 6,  13, 19),
(94,  32, 24, 13, 6,  18),
(95,  32, 25, 1,  9,  24),
(96,  32, 26, 6,  13, 19),
(97,  33, 27, 24, 1,  18),
(98,  33, 28, 6,  13, 21),
(99,  33, 29, 18, 9,  6),
(100, 34, 30, 13, 6,  19),
(101, 34, 31, 1,  18, 24),
(102, 34, 32, 6,  13, 9),
(103, 35, 33, 9,  1,  18),
(104, 35, 34, 13, 6,  24),
(105, 35, 35, 6,  13, 19),
(106, 36, 1,  9,  18, 1),
(107, 36, 2,  24, 13, 6),
(108, 36, 3,  6,  1,  21),
(109, 37, 4,  18, 9,  13),
(110, 37, 5,  13, 6,  24),
(111, 37, 6,  6,  1,  19),
(112, 38, 7,  14, 18, 9),
(113, 38, 8,  1,  13, 24),
(114, 38, 9,  13, 6,  18),
(115, 39, 10, 9,  18, 1),
(116, 39, 11, 24, 13, 6),
(117, 39, 12, 6,  1,  19),
(118, 40, 13, 13, 6,  18),
(119, 40, 14, 1,  9,  24),
(120, 40, 15, 9,  13, 21),
(121, 41, 16, 18, 1,  13),
(122, 41, 17, 8,  6,  24),
(123, 41, 18, 6,  13, 19),
(124, 42, 19, 13, 6,  18),
(125, 42, 20, 1,  9,  24),
(126, 42, 21, 6,  13, 19),
(127, 43, 22, 24, 1,  18),
(128, 43, 23, 6,  13, 21),
(129, 43, 24, 18, 9,  6),
(130, 44, 25, 13, 6,  19),
(131, 44, 26, 1,  18, 24),
(132, 44, 27, 6,  13, 9),
(133, 45, 28, 9,  1,  18),
(134, 45, 29, 13, 6,  24),
(135, 45, 30, 6,  13, 19);

CREATE TABLE IF NOT EXISTS MetaTrend (
   meta_trend_id INT PRIMARY KEY,
   season_name VARCHAR(100),
   patch_version VARCHAR(50),
   weapon_id INT NULL,
   legend_id INT NULL,
   usage_rate DECIMAL(5,2),
   win_rate DECIMAL(5,2),
   pick_rate DECIMAL(5,2),
   trend_date DATE,
   FOREIGN KEY (weapon_id) REFERENCES Weapon(weapon_id),
   FOREIGN KEY (legend_id) REFERENCES Legend(legend_id)
);

INSERT INTO MetaTrend (meta_trend_id, season_name, patch_version, weapon_id, legend_id, usage_rate, win_rate, pick_rate, trend_date) VALUES
(1,   'Season 13', '13.1', 1,  13, 18.50, 34.20, 22.30, '2022-05-10'),
(2,   'Season 13', '13.1', 6,  6,  16.20, 31.50, 19.80, '2022-05-10'),
(3,   'Season 13', '13.1', 15, 1,  14.30, 28.70, 17.40, '2022-05-10'),
(4,   'Season 13', '13.1', 2,  9,  12.80, 26.40, 15.60, '2022-05-10'),
(5,   'Season 13', '13.1', 23, 18, 11.20, 22.30, 13.50, '2022-05-10'),
(6,   'Season 13', '13.2', 1,  13, 19.20, 35.10, 23.10, '2022-06-14'),
(7,   'Season 13', '13.2', 6,  6,  17.40, 32.60, 20.90, '2022-06-14'),
(8,   'Season 13', '13.2', 8,  24, 13.50, 27.80, 16.20, '2022-06-14'),
(9,   'Season 14', '14.1', 1,  13, 20.10, 36.20, 24.30, '2022-08-09'),
(10,  'Season 14', '14.1', 15, 6,  17.80, 33.40, 21.50, '2022-08-09'),
(11,  'Season 14', '14.1', 6,  1,  15.60, 30.20, 18.90, '2022-08-09'),
(12,  'Season 14', '14.1', 2,  9,  13.20, 27.50, 16.00, '2022-08-09'),
(13,  'Season 14', '14.2', 1,  13, 21.30, 37.40, 25.60, '2022-09-20'),
(14,  'Season 14', '14.2', 6,  6,  18.90, 34.50, 22.80, '2022-09-20'),
(15,  'Season 14', '14.2', 15, 24, 15.20, 29.80, 18.30, '2022-09-20'),
(16,  'Season 16', '16.0', 1,  13, 22.40, 38.50, 26.70, '2023-02-14'),
(17,  'Season 16', '16.0', 6,  6,  19.80, 35.60, 23.90, '2023-02-14'),
(18,  'Season 16', '16.0', 15, 1,  16.30, 31.20, 19.60, '2023-02-14'),
(19,  'Season 16', '16.0', 2,  9,  14.10, 28.40, 17.00, '2023-02-14'),
(20,  'Season 16', '16.0', 23, 18, 12.50, 24.30, 15.10, '2023-02-14'),
(21,  'Season 16', '16.1', 1,  13, 23.10, 39.20, 27.50, '2023-03-07'),
(22,  'Season 16', '16.1', 6,  6,  20.40, 36.30, 24.60, '2023-03-07'),
(23,  'Season 16', '16.1', 9,  24, 15.80, 30.50, 19.00, '2023-03-07'),
(24,  'Season 17', '17.0', 6,  13, 21.80, 37.90, 26.20, '2023-04-18'),
(25,  'Season 17', '17.0', 1,  6,  19.20, 34.80, 23.10, '2023-04-18'),
(26,  'Season 17', '17.0', 15, 9,  16.50, 31.60, 19.80, '2023-04-18'),
(27,  'Season 17', '17.0', 8,  1,  14.30, 28.70, 17.30, '2023-04-18'),
(28,  'Season 17', '17.0', 23, 18, 12.10, 23.80, 14.60, '2023-04-18'),
(29,  'Season 17', '17.1', 6,  13, 22.50, 38.60, 27.00, '2023-05-23'),
(30,  'Season 17', '17.1', 1,  6,  20.10, 35.70, 24.20, '2023-05-23'),
(31,  'Season 17', '17.1', 15, 24, 17.20, 32.40, 20.70, '2023-05-23'),
(32,  'Season 18', '18.0', 6,  13, 23.20, 39.30, 27.90, '2023-08-08'),
(33,  'Season 18', '18.0', 1,  6,  20.80, 36.40, 25.00, '2023-08-08'),
(34,  'Season 18', '18.0', 15, 1,  17.60, 32.90, 21.20, '2023-08-08'),
(35,  'Season 18', '18.0', 9,  9,  15.10, 29.60, 18.20, '2023-08-08'),
(36,  'Season 18', '18.1', 6,  13, 24.10, 40.20, 28.90, '2023-09-19'),
(37,  'Season 18', '18.1', 1,  6,  21.50, 37.10, 25.80, '2023-09-19'),
(38,  'Season 18', '18.1', 8,  24, 16.30, 31.50, 19.60, '2023-09-19'),
(39,  'Season 20', '20.0', 6,  13, 24.80, 41.10, 29.80, '2024-01-09'),
(40,  'Season 20', '20.0', 1,  6,  22.20, 37.80, 26.70, '2024-01-09'),
(41,  'Season 20', '20.0', 15, 9,  18.40, 33.60, 22.10, '2024-01-09'),
(42,  'Season 20', '20.0', 2,  1,  15.70, 30.20, 18.90, '2024-01-09'),
(43,  'Season 20', '20.0', 23, 18, 13.20, 25.60, 15.90, '2024-01-09'),
(44,  'Season 20', '20.1', 6,  13, 25.50, 41.80, 30.60, '2024-02-20'),
(45,  'Season 20', '20.1', 1,  6,  22.90, 38.50, 27.50, '2024-02-20'),
(46,  'Season 20', '20.1', 9,  24, 17.10, 32.30, 20.60, '2024-02-20'),
(47,  'Season 21', '21.0', 6,  13, 26.20, 42.50, 31.40, '2024-04-30'),
(48,  'Season 21', '21.0', 1,  6,  23.60, 39.20, 28.30, '2024-04-30'),
(49,  'Season 21', '21.0', 15, 12, 18.90, 34.10, 22.70, '2024-04-30'),
(50,  'Season 21', '21.0', 8,  1,  16.40, 31.00, 19.70, '2024-04-30'),
(51,  'Season 21', '21.0', 23, 18, 13.80, 26.20, 16.60, '2024-04-30'),
(52,  'Season 21', '21.1', 6,  13, 26.90, 43.20, 32.30, '2024-06-04'),
(53,  'Season 21', '21.1', 1,  6,  24.30, 39.90, 29.20, '2024-06-04'),
(54,  'Season 21', '21.1', 15, 12, 19.60, 34.80, 23.50, '2024-06-04'),
(55,  'Season 13', '13.1', 19, NULL, 9.80, 18.50, 11.80, '2022-05-10'),
(56,  'Season 13', '13.1', NULL, 24, 14.20, 27.30, 17.10, '2022-05-10'),
(57,  'Season 14', '14.1', 19, NULL, 10.20, 19.30, 12.30, '2022-08-09'),
(58,  'Season 14', '14.1', NULL, 24, 15.10, 28.20, 18.10, '2022-08-09'),
(59,  'Season 16', '16.0', 19, NULL, 10.80, 20.10, 13.00, '2023-02-14'),
(60,  'Season 16', '16.0', NULL, 14, 12.30, 23.40, 14.80, '2023-02-14'),
(61,  'Season 17', '17.0', 19, NULL, 11.20, 20.80, 13.50, '2023-04-18'),
(62,  'Season 17', '17.0', NULL, 14, 12.80, 24.10, 15.40, '2023-04-18'),
(63,  'Season 18', '18.0', 19, NULL, 11.80, 21.50, 14.20, '2023-08-08'),
(64,  'Season 18', '18.0', NULL, 14, 13.40, 24.80, 16.10, '2023-08-08'),
(65,  'Season 20', '20.0', 19, NULL, 12.40, 22.30, 14.90, '2024-01-09'),
(66,  'Season 20', '20.0', NULL, 14, 14.10, 25.60, 16.90, '2024-01-09'),
(67,  'Season 21', '21.0', 19, NULL, 13.10, 23.10, 15.70, '2024-04-30'),
(68,  'Season 21', '21.0', NULL, 14, 14.80, 26.40, 17.80, '2024-04-30'),
(69,  'Season 13', '13.1', 29, 19, 11.50, 22.40, 13.80, '2022-05-10'),
(70,  'Season 14', '14.1', 29, 19, 12.10, 23.20, 14.60, '2022-08-09'),
(71,  'Season 16', '16.0', 29, 19, 12.80, 24.10, 15.40, '2023-02-14'),
(72,  'Season 17', '17.0', 29, 19, 13.40, 24.90, 16.10, '2023-04-18'),
(73,  'Season 18', '18.0', 29, 19, 14.10, 25.80, 16.90, '2023-08-08'),
(74,  'Season 20', '20.0', 29, 19, 14.80, 26.60, 17.80, '2024-01-09'),
(75,  'Season 21', '21.0', 29, 19, 15.50, 27.50, 18.60, '2024-04-30'),
(76,  'Season 13', '13.1', 6,  13, 16.80, 32.10, 20.20, '2022-05-10'),
(77,  'Season 14', '14.1', 6,  13, 17.50, 32.90, 21.00, '2022-08-09'),
(78,  'Season 16', '16.0', 6,  13, 20.20, 36.10, 24.30, '2023-02-14'),
(79,  'Season 17', '17.0', 8,  13, 14.90, 29.30, 17.90, '2023-04-18'),
(80,  'Season 18', '18.0', 8,  13, 15.60, 30.10, 18.70, '2023-08-08'),
(81,  'Season 20', '20.0', 8,  13, 16.30, 30.90, 19.60, '2024-01-09'),
(82,  'Season 21', '21.0', 8,  13, 17.10, 31.80, 20.50, '2024-04-30'),
(83,  'Season 13', '13.1', 15, 6,  15.80, 30.50, 19.00, '2022-05-10'),
(84,  'Season 14', '14.1', 15, 6,  16.50, 31.30, 19.80, '2022-08-09'),
(85,  'Season 16', '16.0', 15, 6,  17.20, 32.10, 20.60, '2023-02-14'),
(86,  'Season 17', '17.0', 15, 6,  17.90, 32.90, 21.50, '2023-04-18'),
(87,  'Season 18', '18.0', 15, 6,  18.60, 33.70, 22.30, '2023-08-08'),
(88,  'Season 20', '20.0', 15, 6,  19.30, 34.50, 23.20, '2024-01-09'),
(89,  'Season 21', '21.0', 15, 6,  20.10, 35.40, 24.10, '2024-04-30'),
(90,  'Season 13', '13.1', 2,  1,  13.40, 27.20, 16.10, '2022-05-10'),
(91,  'Season 14', '14.1', 2,  1,  14.10, 28.00, 16.90, '2022-08-09'),
(92,  'Season 16', '16.0', 2,  1,  14.80, 28.80, 17.80, '2023-02-14'),
(93,  'Season 17', '17.0', 2,  1,  15.50, 29.60, 18.60, '2023-04-18'),
(94,  'Season 18', '18.0', 2,  1,  16.20, 30.40, 19.40, '2023-08-08'),
(95,  'Season 20', '20.0', 2,  1,  16.90, 31.20, 20.30, '2024-01-09'),
(96,  'Season 21', '21.0', 2,  1,  17.60, 32.10, 21.10, '2024-04-30'),
(97,  'Season 13', '13.2', 15, 9,  13.90, 27.80, 16.70, '2022-06-14'),
(98,  'Season 14', '14.2', 15, 9,  14.60, 28.60, 17.50, '2022-09-20'),
(99,  'Season 16', '16.1', 15, 9,  15.30, 29.40, 18.40, '2023-03-07'),
(100, 'Season 17', '17.1', 15, 9,  16.00, 30.20, 19.20, '2023-05-23'),
(101, 'Season 18', '18.1', 15, 9,  16.70, 31.00, 20.10, '2023-09-19'),
(102, 'Season 20', '20.1', 15, 9,  17.40, 31.80, 20.90, '2024-02-20'),
(103, 'Season 21', '21.1', 15, 9,  18.10, 32.70, 21.80, '2024-06-04'),
(104, 'Season 13', '13.1', 23, 24, 10.80, 21.60, 13.00, '2022-05-10'),
(105, 'Season 14', '14.1', 23, 24, 11.50, 22.40, 13.80, '2022-08-09'),
(106, 'Season 16', '16.0', 23, 24, 12.20, 23.20, 14.70, '2023-02-14'),
(107, 'Season 17', '17.0', 23, 24, 12.90, 24.00, 15.50, '2023-04-18'),
(108, 'Season 18', '18.0', 23, 24, 13.60, 24.80, 16.30, '2023-08-08'),
(109, 'Season 20', '20.0', 23, 24, 14.30, 25.60, 17.20, '2024-01-09'),
(110, 'Season 21', '21.0', 23, 24, 15.00, 26.50, 18.00, '2024-04-30'),
(111, 'Season 13', '13.1', 4,  5,  10.20, 20.80, 12.30, '2022-05-10'),
(112, 'Season 14', '14.1', 4,  5,  10.90, 21.60, 13.10, '2022-08-09'),
(113, 'Season 16', '16.0', 4,  5,  11.60, 22.40, 13.90, '2023-02-14'),
(114, 'Season 17', '17.0', 4,  5,  12.30, 23.20, 14.80, '2023-04-18'),
(115, 'Season 18', '18.0', 4,  5,  13.00, 24.00, 15.60, '2023-08-08'),
(116, 'Season 20', '20.0', 4,  5,  13.70, 24.80, 16.40, '2024-01-09'),
(117, 'Season 21', '21.0', 4,  5,  14.40, 25.70, 17.30, '2024-04-30'),
(118, 'Season 13', '13.1', 10, 11, 9.50,  19.20, 11.40, '2022-05-10'),
(119, 'Season 14', '14.1', 10, 11, 10.20, 20.00, 12.20, '2022-08-09'),
(120, 'Season 16', '16.0', 10, 11, 10.90, 20.80, 13.10, '2023-02-14'),
(121, 'Season 17', '17.0', 10, 11, 11.60, 21.60, 13.90, '2023-04-18'),
(122, 'Season 18', '18.0', 10, 11, 12.30, 22.40, 14.70, '2023-08-08'),
(123, 'Season 20', '20.0', 10, 11, 13.00, 23.20, 15.60, '2024-01-09'),
(124, 'Season 21', '21.0', 10, 11, 13.70, 24.10, 16.40, '2024-04-30'),
(125, 'Season 13', '13.1', 17, 15, 8.90,  17.80, 10.70, '2022-05-10'),
(126, 'Season 14', '14.1', 17, 15, 9.60,  18.60, 11.50, '2022-08-09'),
(127, 'Season 16', '16.0', 17, 15, 10.30, 19.40, 12.40, '2023-02-14'),
(128, 'Season 17', '17.0', 17, 15, 11.00, 20.20, 13.20, '2023-04-18'),
(129, 'Season 18', '18.0', 17, 15, 11.70, 21.00, 14.00, '2023-08-08'),
(130, 'Season 20', '20.0', 17, 15, 12.40, 21.80, 14.90, '2024-01-09');

CREATE TABLE IF NOT EXISTS GameEvent (
   event_id INT PRIMARY KEY,
   event_name VARCHAR(255),
   event_type VARCHAR(100),
   start_date DATE,
   end_date DATE,
   description VARCHAR(255)
);

INSERT INTO GameEvent (event_id, event_name, event_type, start_date, end_date, description) VALUES
(1, 'Fight or Fright', 'Seasonal', '2021-10-19', '2021-11-02', 'Halloween themed seasonal event with limited LTMs and cosmetics'),
(2, 'Holo-Day Bash', 'Seasonal', '2021-12-07', '2022-01-04', 'Winter holiday event featuring festive skins and game modes'),
(3, 'Fight or Fright', 'Seasonal', '2022-10-18', '2022-11-01', 'Halloween themed seasonal event with limited LTMs and cosmetics'),
(4, 'Holo-Day Bash', 'Seasonal', '2022-12-06', '2023-01-03', 'Winter holiday event featuring festive skins and game modes'),
(5, 'Fight or Fright', 'Seasonal', '2023-10-17', '2023-10-31', 'Halloween themed seasonal event with limited LTMs and cosmetics'),
(6, 'Holo-Day Bash', 'Seasonal', '2023-12-05', '2024-01-02', 'Winter holiday event featuring festive skins and game modes'),
(7, 'Fight or Fright', 'Seasonal', '2024-10-15', '2024-10-29', 'Halloween themed seasonal event with limited LTMs and cosmetics'),
(8, 'Holo-Day Bash', 'Seasonal', '2024-12-03', '2025-01-07', 'Winter holiday event featuring festive skins and game modes'),
(9, 'Raiders Collection Event', 'Collection', '2021-12-07', '2021-12-21', 'Limited time collection event with exclusive legendary cosmetics'),
(10, 'Awakening Collection Event', 'Collection', '2022-06-21', '2022-07-05', 'Limited time collection event with exclusive legendary cosmetics'),
(11, 'Beast of Prey Collection Event', 'Collection', '2022-09-20', '2022-10-04', 'Limited time collection event with exclusive legendary cosmetics'),
(12, 'Harbingers Collection Event', 'Collection', '2023-03-07', '2023-03-21', 'Limited time collection event with exclusive legendary cosmetics'),
(13, 'Veiled Collection Event', 'Collection', '2023-08-08', '2023-08-22', 'Limited time collection event with exclusive legendary cosmetics'),
(14, 'Dressed to Kill Collection Event', 'Collection', '2024-02-13', '2024-02-27', 'Limited time collection event with exclusive legendary cosmetics'),
(15, 'Celestial Sunrise Collection Event', 'Collection', '2024-07-09', '2024-07-23', 'Limited time collection event with exclusive legendary cosmetics'),
(16, 'Warriors Event', 'Takeover', '2022-03-29', '2022-04-12', 'Limited time takeover event with modified gameplay and rewards'),
(17, 'Evolution Collection Event', 'Takeover', '2021-09-14', '2021-09-28', 'Evolution themed takeover with map changes and exclusive rewards'),
(18, 'Dark Depths Event', 'Takeover', '2022-01-11', '2022-01-25', 'Underwater themed takeover event with unique cosmetics'),
(19, 'Genesis Collection Event', 'Takeover', '2021-06-29', '2021-07-13', 'Throwback event featuring classic Kings Canyon and Kings Canyon After Dark'),
(20, 'Emergence Event', 'Takeover', '2021-08-03', '2021-08-17', 'Emergence themed takeover with new LTM and exclusive rewards'),
(21, 'ALGS Year 2 Championships', 'Tournament', '2022-07-07', '2022-07-10', 'ALGS global championship tournament for Year 2 pro league teams'),
(22, 'ALGS Year 3 Championships', 'Tournament', '2023-07-13', '2023-07-16', 'ALGS global championship tournament for Year 3 pro league teams'),
(23, 'ALGS Year 4 Championships', 'Tournament', '2024-06-20', '2024-06-23', 'ALGS global championship tournament for Year 4 pro league teams'),
(24, 'ALGS Pro League Split 1 2023', 'Tournament', '2023-01-14', '2023-03-19', 'First split of the ALGS Pro League 2023 competitive season'),
(25, 'ALGS Pro League Split 2 2023', 'Tournament', '2023-04-22', '2023-06-18', 'Second split of the ALGS Pro League 2023 competitive season'),
(26, 'ALGS Pro League Split 1 2024', 'Tournament', '2024-01-13', '2024-03-17', 'First split of the ALGS Pro League 2024 competitive season'),
(27, 'ALGS Pro League Split 2 2024', 'Tournament', '2024-04-20', '2024-06-16', 'Second split of the ALGS Pro League 2024 competitive season'),
(28, 'ALGS LAN London', 'Tournament', '2022-09-02', '2022-09-04', 'ALGS LAN event held in London with top regional teams competing'),
(29, 'ALGS LAN Stockholm', 'Tournament', '2023-03-31', '2023-04-02', 'ALGS LAN event held in Stockholm with top regional teams competing'),
(30, 'ALGS LAN Birmingham', 'Tournament', '2024-03-22', '2024-03-24', 'ALGS LAN event held in Birmingham with top regional teams competing'),
(31, 'Anniversary Celebration Year 3', 'Anniversary', '2022-02-08', '2022-02-22', 'Celebrating 3 years of Apex Legends with exclusive rewards and challenges'),
(32, 'Anniversary Celebration Year 4', 'Anniversary', '2023-02-07', '2023-02-21', 'Celebrating 4 years of Apex Legends with exclusive rewards and challenges'),
(33, 'Anniversary Celebration Year 5', 'Anniversary', '2024-02-06', '2024-02-20', 'Celebrating 5 years of Apex Legends with exclusive rewards and challenges'),
(34, 'Anniversary Celebration Year 6', 'Anniversary', '2025-02-04', '2025-02-18', 'Celebrating 6 years of Apex Legends with exclusive rewards and challenges'),
(35, 'Ranked Series 1 2022', 'Ranked', '2022-02-08', '2022-05-03', 'First ranked series of 2022 with updated ranking system and rewards'),
(36, 'Ranked Series 2 2022', 'Ranked', '2022-05-10', '2022-08-09', 'Second ranked series of 2022 with updated ranking system and rewards'),
(37, 'Ranked Series 1 2023', 'Ranked', '2023-02-14', '2023-05-09', 'First ranked series of 2023 with updated ranking system and rewards'),
(38, 'Ranked Series 2 2023', 'Ranked', '2023-05-09', '2023-08-08', 'Second ranked series of 2023 with updated ranking system' );

CREATE TABLE IF NOT EXISTS Notification (
   notification_id INT PRIMARY KEY,
   player_id INT,
   event_id INT,
   notification_type VARCHAR(100),
   sent_date DATE,
   read_status BOOLEAN,
   FOREIGN KEY (player_id) REFERENCES Player(player_id),
   FOREIGN KEY (event_id) REFERENCES GameEvent(event_id)
);

insert into Notification (notification_id, player_id, event_id, notification_type, sent_date, read_status) values (1, 8, 29, 'mode alert', '2021-12-15', false);
insert into Notification (notification_id, player_id, event_id, notification_type, sent_date, read_status) values (2, 52, 11, 'event alert', '2024-01-09', true);
insert into Notification (notification_id, player_id, event_id, notification_type, sent_date, read_status) values (3, 39, 23, 'contest alert', '2022-10-27', false);
insert into Notification (notification_id, player_id, event_id, notification_type, sent_date, read_status) values (4, 29, 17, 'contest alert', '2023-01-17', false);
insert into Notification (notification_id, player_id, event_id, notification_type, sent_date, read_status) values (5, 31, 5, 'mode alert', '2025-08-14', false);
insert into Notification (notification_id, player_id, event_id, notification_type, sent_date, read_status) values (6, 49, 33, 'mode alert', '2024-09-11', false);
insert into Notification (notification_id, player_id, event_id, notification_type, sent_date, read_status) values (7, 27, 28, 'mode alert', '2020-12-11', true);
insert into Notification (notification_id, player_id, event_id, notification_type, sent_date, read_status) values (8, 42, 15, 'event alert', '2020-08-14', true);
insert into Notification (notification_id, player_id, event_id, notification_type, sent_date, read_status) values (9, 58, 24, 'contest alert', '2024-10-12', true);
insert into Notification (notification_id, player_id, event_id, notification_type, sent_date, read_status) values (10, 38, 15, 'event alert', '2025-02-18', true);
insert into Notification (notification_id, player_id, event_id, notification_type, sent_date, read_status) values (11, 32, 9, 'mode alert', '2025-03-18', true);
insert into Notification (notification_id, player_id, event_id, notification_type, sent_date, read_status) values (12, 34, 2, 'event alert', '2025-08-17', false);
insert into Notification (notification_id, player_id, event_id, notification_type, sent_date, read_status) values (13, 43, 1, 'mode alert', '2022-12-09', true);
insert into Notification (notification_id, player_id, event_id, notification_type, sent_date, read_status) values (14, 4, 4, 'event alert', '2024-04-19', true);
insert into Notification (notification_id, player_id, event_id, notification_type, sent_date, read_status) values (15, 47, 15, 'mode alert', '2020-04-26', true);
insert into Notification (notification_id, player_id, event_id, notification_type, sent_date, read_status) values (16, 42, 26, 'event alert', '2025-04-12', true);
insert into Notification (notification_id, player_id, event_id, notification_type, sent_date, read_status) values (17, 33, 1, 'event alert', '2025-06-29', true);
insert into Notification (notification_id, player_id, event_id, notification_type, sent_date, read_status) values (18, 50, 18, 'mode alert', '2023-01-23', false);
insert into Notification (notification_id, player_id, event_id, notification_type, sent_date, read_status) values (19, 18, 26, 'event alert', '2026-03-29', true);
insert into Notification (notification_id, player_id, event_id, notification_type, sent_date, read_status) values (20, 9, 13, 'event alert', '2020-09-28', true);
insert into Notification (notification_id, player_id, event_id, notification_type, sent_date, read_status) values (21, 17, 15, 'event alert', '2025-09-27', false);
insert into Notification (notification_id, player_id, event_id, notification_type, sent_date, read_status) values (22, 34, 31, 'event alert', '2020-06-27', false);
insert into Notification (notification_id, player_id, event_id, notification_type, sent_date, read_status) values (23, 14, 8, 'contest alert', '2021-10-14', false);
insert into Notification (notification_id, player_id, event_id, notification_type, sent_date, read_status) values (24, 20, 15, 'mode alert', '2025-09-10', false);
insert into Notification (notification_id, player_id, event_id, notification_type, sent_date, read_status) values (25, 30, 17, 'mode alert', '2021-04-27', false);
insert into Notification (notification_id, player_id, event_id, notification_type, sent_date, read_status) values (26, 31, 32, 'event alert', '2021-08-01', false);
insert into Notification (notification_id, player_id, event_id, notification_type, sent_date, read_status) values (27, 43, 20, 'contest alert', '2022-08-13', true);
insert into Notification (notification_id, player_id, event_id, notification_type, sent_date, read_status) values (28, 7, 25, 'contest alert', '2023-03-12', false);
insert into Notification (notification_id, player_id, event_id, notification_type, sent_date, read_status) values (29, 26, 2, 'event alert', '2024-07-21', false);
insert into Notification (notification_id, player_id, event_id, notification_type, sent_date, read_status) values (30, 29, 20, 'contest alert', '2022-08-09', false);
insert into Notification (notification_id, player_id, event_id, notification_type, sent_date, read_status) values (31, 31, 30, 'mode alert', '2021-07-21', true);
insert into Notification (notification_id, player_id, event_id, notification_type, sent_date, read_status) values (32, 15, 16, 'contest alert', '2026-03-10', true);
insert into Notification (notification_id, player_id, event_id, notification_type, sent_date, read_status) values (33, 18, 29, 'event alert', '2020-02-22', true);
insert into Notification (notification_id, player_id, event_id, notification_type, sent_date, read_status) values (34, 18, 15, 'contest alert', '2026-02-13', false);
insert into Notification (notification_id, player_id, event_id, notification_type, sent_date, read_status) values (35, 41, 30, 'contest alert', '2025-10-15', false);
insert into Notification (notification_id, player_id, event_id, notification_type, sent_date, read_status) values (36, 22, 30, 'event alert', '2023-02-02', false);
insert into Notification (notification_id, player_id, event_id, notification_type, sent_date, read_status) values (37, 49, 21, 'event alert', '2026-04-10', true);
insert into Notification (notification_id, player_id, event_id, notification_type, sent_date, read_status) values (38, 53, 28, 'contest alert', '2020-04-22', true);
insert into Notification (notification_id, player_id, event_id, notification_type, sent_date, read_status) values (39, 53, 28, 'contest alert', '2025-01-03', true);
insert into Notification (notification_id, player_id, event_id, notification_type, sent_date, read_status) values (40, 57, 38, 'mode alert', '2022-12-22', true);
insert into Notification (notification_id, player_id, event_id, notification_type, sent_date, read_status) values (41, 60, 16, 'mode alert', '2025-02-11', false);
insert into Notification (notification_id, player_id, event_id, notification_type, sent_date, read_status) values (42, 49, 38, 'contest alert', '2022-02-11', true);
insert into Notification (notification_id, player_id, event_id, notification_type, sent_date, read_status) values (43, 42, 1, 'event alert', '2025-06-24', false);
insert into Notification (notification_id, player_id, event_id, notification_type, sent_date, read_status) values (44, 16, 9, 'event alert', '2023-10-14', true);
insert into Notification (notification_id, player_id, event_id, notification_type, sent_date, read_status) values (45, 44, 31, 'event alert', '2026-03-23', true);
insert into Notification (notification_id, player_id, event_id, notification_type, sent_date, read_status) values (46, 35, 20, 'contest alert', '2023-06-25', false);
insert into Notification (notification_id, player_id, event_id, notification_type, sent_date, read_status) values (47, 6, 19, 'contest alert', '2022-03-10', false);
insert into Notification (notification_id, player_id, event_id, notification_type, sent_date, read_status) values (48, 57, 25, 'mode alert', '2020-08-24', true);
insert into Notification (notification_id, player_id, event_id, notification_type, sent_date, read_status) values (49, 29, 38, 'mode alert', '2023-05-06', true);
insert into Notification (notification_id, player_id, event_id, notification_type, sent_date, read_status) values (50, 18, 4, 'event alert', '2022-05-19', true);

CREATE TABLE IF NOT EXISTS Goal (
   goal_id INT PRIMARY KEY,
   player_id INT,
   goal_type VARCHAR(100),
   target_value INT,
   current_value INT,
   start_date DATE,
   end_date DATE,
   goal_status VARCHAR(50),
   FOREIGN KEY (player_id) REFERENCES Player(player_id)
);

INSERT INTO Goal (goal_id, player_id, goal_type, target_value, current_value, start_date, end_date, goal_status) VALUES
(1,  1,  'Kills',         500,  487,  '2024-01-01', '2024-03-31', 'In Progress'),
(2,  2,  'Wins',          100,  100,  '2024-01-01', '2024-03-31', 'Completed'),
(3,  3,  'Damage',        50000, 48230, '2024-02-01', '2024-04-30', 'In Progress'),
(4,  4,  'Kills',         300,  300,  '2024-01-15', '2024-02-15', 'Completed'),
(5,  5,  'Assists',       200,  145,  '2024-02-01', '2024-05-01', 'In Progress'),
(6,  6,  'Wins',          50,   23,   '2024-03-01', '2024-06-01', 'In Progress'),
(7,  7,  'Kills',         1000, 1000, '2023-01-01', '2023-12-31', 'Completed'),
(8,  8,  'Damage',        100000, 72340, '2024-01-01', '2024-06-30', 'In Progress'),
(9,  9,  'Wins',          200,  198,  '2024-01-01', '2024-04-30', 'In Progress'),
(10, 10, 'Knockdowns',    300,  145,  '2024-02-01', '2024-05-01', 'In Progress'),
(11, 11, 'Kills',         400,  400,  '2023-06-01', '2023-12-31', 'Completed'),
(12, 12, 'Assists',       150,  89,   '2024-03-01', '2024-06-01', 'In Progress'),
(13, 13, 'Damage',        75000, 75000, '2023-09-01', '2024-01-31', 'Completed'),
(14, 14, 'Wins',          75,   60,   '2024-02-01', '2024-05-31', 'In Progress'),
(15, 15, 'Kills',         600,  600,  '2023-01-01', '2023-06-30', 'Completed'),
(16, 16, 'Knockdowns',    200,  78,   '2024-01-01', '2024-06-30', 'In Progress'),
(17, 17, 'Damage',        80000, 80000, '2023-07-01', '2024-01-01', 'Completed'),
(18, 18, 'Wins',          150,  102,  '2024-01-01', '2024-06-30', 'In Progress'),
(19, 19, 'Kills',         250,  189,  '2024-02-01', '2024-05-01', 'In Progress'),
(20, 20, 'Assists',       300,  300,  '2023-06-01', '2023-12-31', 'Completed'),
(21, 21, 'Damage',        60000, 41230, '2024-03-01', '2024-06-30', 'In Progress'),
(22, 22, 'Wins',          80,   80,   '2023-09-01', '2024-01-31', 'Completed'),
(23, 23, 'Kills',         350,  290,  '2024-01-01', '2024-04-30', 'In Progress'),
(24, 24, 'Knockdowns',    400,  400,  '2023-01-01', '2023-12-31', 'Completed'),
(25, 25, 'Assists',       250,  134,  '2024-02-01', '2024-05-31', 'In Progress'),
(26, 26, 'Damage',        55000, 55000, '2023-08-01', '2024-02-01', 'Completed'),
(27, 27, 'Wins',          120,  98,   '2024-01-01', '2024-06-30', 'In Progress'),
(28, 28, 'Kills',         450,  450,  '2023-03-01', '2023-09-30', 'Completed'),
(29, 29, 'Damage',        90000, 67450, '2024-01-01', '2024-06-30', 'In Progress'),
(30, 30, 'Assists',       180,  90,   '2024-03-01', '2024-06-30', 'In Progress'),
(31, 31, 'Wins',          30,   12,   '2024-01-01', '2024-06-30', 'In Progress'),
(32, 32, 'Kills',         150,  67,   '2024-02-01', '2024-05-31', 'In Progress'),
(33, 33, 'Knockdowns',    500,  500,  '2023-01-01', '2023-12-31', 'Completed'),
(34, 34, 'Damage',        70000, 52340, '2024-01-01', '2024-06-30', 'In Progress'),
(35, 35, 'Wins',          60,   45,   '2024-02-01', '2024-05-31', 'In Progress'),
(36, 36, 'Kills',         400,  312,  '2024-01-01', '2024-06-30', 'In Progress'),
(37, 37, 'Assists',       200,  200,  '2023-06-01', '2023-12-31', 'Completed'),
(38, 38, 'Damage',        45000, 23450, '2024-03-01', '2024-06-30', 'In Progress'),
(39, 39, 'Wins',          25,   10,   '2024-01-01', '2024-06-30', 'In Progress'),
(40, 40, 'Knockdowns',    250,  189,  '2024-02-01', '2024-05-31', 'In Progress'),
(41, 41, 'Kills',         200,  145,  '2024-01-01', '2024-04-30', 'In Progress'),
(42, 42, 'Damage',        65000, 65000, '2023-07-01', '2024-01-01', 'Completed'),
(43, 43, 'Wins',          40,   18,   '2024-02-01', '2024-06-30', 'In Progress'),
(44, 44, 'Assists',       100,  56,   '2024-03-01', '2024-06-30', 'In Progress'),
(45, 45, 'Kills',         550,  489,  '2024-01-01', '2024-06-30', 'In Progress'),
(46, 46, 'Knockdowns',    350,  350,  '2023-04-01', '2023-10-31', 'Completed'),
(47, 47, 'Damage',        85000, 61230, '2024-01-01', '2024-06-30', 'In Progress'),
(48, 48, 'Wins',          20,   8,    '2024-03-01', '2024-06-30', 'In Progress'),
(49, 49, 'Kills',         180,  102,  '2024-02-01', '2024-05-31', 'In Progress'),
(50, 50, 'Assists',       275,  275,  '2023-05-01', '2023-11-30', 'Completed'),
(51, 51, 'Damage',        40000, 18920, '2024-03-01', '2024-06-30', 'In Progress'),
(52, 52, 'Wins',          55,   34,   '2024-01-01', '2024-06-30', 'In Progress'),
(53, 53, 'Kills',         120,  45,   '2024-02-01', '2024-05-31', 'In Progress'),
(54, 54, 'Knockdowns',    150,  89,   '2024-01-01', '2024-04-30', 'In Progress'),
(55, 55, 'Damage',        72000, 72000, '2023-06-01', '2023-12-31', 'Completed'),
(56, 56, 'Wins',          15,   5,    '2024-03-01', '2024-06-30', 'In Progress'),
(57, 57, 'Assists',       225,  167,  '2024-01-01', '2024-06-30', 'In Progress'),
(58, 58, 'Kills',         300,  212,  '2024-02-01', '2024-05-31', 'In Progress'),
(59, 59, 'Damage',        20000, 7840, '2024-03-01', '2024-06-30', 'In Progress'),
(60, 60, 'Wins',          35,   19,   '2024-01-01', '2024-06-30', 'In Progress'),
(61, 1,  'Knockdowns',    600,  423,  '2024-04-01', '2024-09-30', 'In Progress'),
(62, 7,  'Damage',        120000, 89340, '2024-04-01', '2024-09-30', 'In Progress'),
(63, 15, 'Kills',         800,  612,  '2024-04-01', '2024-09-30', 'In Progress'),
(64, 20, 'Wins',          250,  189,  '2024-04-01', '2024-09-30', 'In Progress'),
(65, 28, 'Assists',       400,  289,  '2024-04-01', '2024-09-30', 'In Progress');

CREATE TABLE IF NOT EXISTS TrackedStatEntry (
   stat_entry_id INT PRIMARY KEY,
   player_id INT,
   stat_type VARCHAR(100),
   stat_value DECIMAL(8,2),
   recorded_date DATE,
   is_visible BOOLEAN,
   FOREIGN KEY (player_id) REFERENCES Player(player_id)
);

INSERT INTO TrackedStatEntry (stat_entry_id, player_id, stat_type, stat_value, recorded_date, is_visible) VALUES
(1,  1,  'kills',         1245.00, '2024-01-01', true),
(2,  1,  'damage',        89340.00, '2024-01-01', true),
(3,  2,  'kills',         987.00,  '2024-01-01', true),
(4,  2,  'win_rate',      31.45,   '2024-01-01', true),
(5,  3,  'damage',        76230.00, '2024-02-01', true),
(6,  3,  'accuracy',      65.89,   '2024-02-01', true),
(7,  4,  'kills',         1102.00, '2024-01-15', true),
(8,  4,  'knockdowns',    1345.00, '2024-01-15', true),
(9,  5,  'damage',        67450.00, '2024-02-01', true),
(10, 5,  'win_rate',      29.87,   '2024-02-01', true),
(11, 6,  'kills',         834.00,  '2024-03-01', true),
(12, 6,  'assists',       612.00,  '2024-03-01', false),
(13, 7,  'damage',        112340.00, '2024-01-01', true),
(14, 7,  'kills',         1567.00, '2024-01-01', true),
(15, 8,  'win_rate',      26.78,   '2024-01-01', true),
(16, 8,  'accuracy',      59.34,   '2024-01-01', false),
(17, 9,  'kills',         1234.00, '2024-02-01', true),
(18, 9,  'damage',        98230.00, '2024-02-01', true),
(19, 10, 'assists',       445.00,  '2024-03-01', true),
(20, 10, 'win_rate',      23.45,   '2024-03-01', false),
(21, 11, 'kills',         890.00,  '2024-01-01', true),
(22, 11, 'accuracy',      61.23,   '2024-01-01', true),
(23, 12, 'damage',        54230.00, '2024-02-01', false),
(24, 12, 'knockdowns',    678.00,  '2024-02-01', true),
(25, 13, 'kills',         1023.00, '2024-01-01', true),
(26, 13, 'win_rate',      30.12,   '2024-01-01', true),
(27, 14, 'damage',        81230.00, '2024-02-01', true),
(28, 14, 'assists',       534.00,  '2024-02-01', true),
(29, 15, 'kills',         1456.00, '2024-01-01', true),
(30, 15, 'accuracy',      68.34,   '2024-01-01', true),
(31, 16, 'win_rate',      21.67,   '2024-02-01', false),
(32, 16, 'knockdowns',    345.00,  '2024-02-01', true),
(33, 17, 'kills',         1123.00, '2024-01-01', true),
(34, 17, 'damage',        87450.00, '2024-01-01', true),
(35, 18, 'assists',       623.00,  '2024-02-01', true),
(36, 18, 'win_rate',      30.67,   '2024-02-01', true),
(37, 19, 'kills',         789.00,  '2024-03-01', false),
(38, 19, 'accuracy',      58.90,   '2024-03-01', true),
(39, 20, 'damage',        91230.00, '2024-01-01', true),
(40, 20, 'knockdowns',    1123.00, '2024-01-01', true),
(41, 21, 'kills',         978.00,  '2024-02-01', true),
(42, 21, 'win_rate',      29.45,   '2024-02-01', true),
(43, 22, 'damage',        67890.00, '2024-03-01', false),
(44, 22, 'assists',       489.00,  '2024-03-01', true),
(45, 23, 'kills',         956.00,  '2024-01-01', true),
(46, 23, 'accuracy',      61.78,   '2024-01-01', true),
(47, 24, 'damage',        84560.00, '2024-02-01', true),
(48, 24, 'knockdowns',    1234.00, '2024-02-01', true),
(49, 25, 'kills',         712.00,  '2024-03-01', true),
(50, 25, 'win_rate',      22.89,   '2024-03-01', false),
(51, 26, 'damage',        62340.00, '2024-01-01', true),
(52, 26, 'accuracy',      58.12,   '2024-01-01', true),
(53, 27, 'kills',         1012.00, '2024-02-01', true),
(54, 27, 'assists',       567.00,  '2024-02-01', true),
(55, 28, 'damage',        86780.00, '2024-01-01', true),
(56, 28, 'win_rate',      32.12,   '2024-01-01', true),
(57, 29, 'kills',         1178.00, '2024-02-01', true),
(58, 29, 'accuracy',      66.89,   '2024-02-01', true),
(59, 30, 'damage',        52340.00, '2024-03-01', false),
(60, 30, 'knockdowns',    623.00,  '2024-03-01', true),
(61, 31, 'kills',         534.00,  '2024-01-01', true),
(62, 32, 'win_rate',      15.67,   '2024-02-01', false),
(63, 33, 'damage',        74560.00, '2024-01-01', true),
(64, 34, 'kills',         978.00,  '2024-02-01', true),
(65, 35, 'assists',       412.00,  '2024-03-01', true),
(66, 40, 'damage',        48230.00, '2024-02-01', true),
(67, 45, 'kills',         923.00,  '2024-01-01', true),
(68, 50, 'win_rate',      29.34,   '2024-02-01', true),
(69, 55, 'damage',        71230.00, '2024-01-01', true),
(70, 60, 'accuracy',      51.23,   '2024-03-01', true);

CREATE TABLE IF NOT EXISTS AuditFlag (
   audit_flag_id INT PRIMARY KEY,
   performance_id INT,
   flag_type VARCHAR(100),
   flag_reason VARCHAR(255),
   flag_date DATE,
   review_status VARCHAR(50),
   FOREIGN KEY (performance_id) REFERENCES PlayerMatchPerformance(performance_id)
);

INSERT INTO AuditFlag 
(audit_flag_id, performance_id, flag_type, flag_reason, flag_date, review_status)
VALUES
(1, 1, 'High Damage', 'Damage exceeds expected pro baseline', '2026-04-18', 'Under Review'),
(2, 7, 'High Accuracy', 'Accuracy unusually high for match duration', '2026-04-17', 'Pending'),
(3, 15, 'Kill Spike', 'High kills with zero deaths observed', '2026-04-16', 'Resolved'),
(4, 28, 'High Damage', 'Damage above 2800 threshold', '2026-04-15', 'Under Review'),
(5, 29, 'High Accuracy', 'Accuracy above expected threshold', '2026-04-14', 'Pending'),
(6, 46, 'High Damage', 'Damage output exceeds lobby average', '2026-04-13', 'Resolved'),
(7, 50, 'Kill Spike', 'Unusual kill frequency detected', '2026-04-12', 'Under Review'),
(8, 61, 'High Damage', 'Damage above 3000 flagged', '2026-04-11', 'Pending'),
(9, 62, 'High Accuracy', 'Accuracy spike across engagements', '2026-04-10', 'Resolved'),
(10, 65, 'High Damage', 'Damage significantly above expected', '2026-04-09', 'Pending'),
(11, 68, 'Kill Spike', 'High kill burst in short window', '2026-04-08', 'Under Review'),
(12, 70, 'High Damage', 'Damage above baseline', '2026-04-07', 'Resolved'),
(13, 74, 'High Accuracy', 'Accuracy sustained above 65%', '2026-04-06', 'Pending'),
(14, 79, 'High Damage', 'Damage exceeds threshold', '2026-04-05', 'Under Review'),
(15, 80, 'Kill Spike', 'High kill count flagged', '2026-04-04', 'Resolved'),
(16, 83, 'High Damage', 'Damage anomaly detected', '2026-04-03', 'Pending'),
(17, 84, 'High Accuracy', 'Accuracy above expected', '2026-04-02', 'Under Review'),
(18, 85, 'High Damage', 'Damage spike relative to prior matches', '2026-04-01', 'Resolved'),
(19, 87, 'Kill Spike', 'Sudden kill increase detected', '2026-03-31', 'Pending'),
(20, 89, 'High Damage', 'Damage above expected threshold', '2026-03-30', 'Under Review'),
(21, 92, 'High Damage', 'High damage relative to placement', '2026-03-29', 'Resolved'),
(22, 97, 'High Accuracy', 'Accuracy anomaly detected', '2026-03-28', 'Pending'),
(23, 101, 'High Damage', 'Extreme damage recorded', '2026-03-27', 'Under Review'),
(24, 103, 'Kill Spike', 'Kills unusually high for match context', '2026-03-26', 'Resolved'),
(25, 109, 'High Damage', 'Damage above normal range', '2026-03-25', 'Pending'),
(26, 112, 'High Accuracy', 'Accuracy spike flagged', '2026-03-24', 'Under Review'),
(27, 113, 'High Damage', 'High damage output detected', '2026-03-23', 'Resolved'),
(28, 116, 'Kill Spike', 'Kill count exceeds expected distribution', '2026-03-22', 'Pending'),
(29, 118, 'High Damage', 'Damage exceeds expected threshold', '2026-03-21', 'Under Review'),
(30, 126, 'High Damage', 'High damage anomaly', '2026-03-20', 'Resolved'),
(31, 130, 'High Accuracy', 'Accuracy above expected', '2026-03-19', 'Pending'),
(32, 135, 'High Damage', 'Damage spike detected', '2026-03-18', 'Under Review'),
(33, 138, 'Kill Spike', 'Kills clustered unusually', '2026-03-17', 'Resolved'),
(34, 139, 'High Damage', 'Damage above expected threshold', '2026-03-16', 'Pending'),
(35, 142, 'High Accuracy', 'Accuracy anomaly detected', '2026-03-15', 'Under Review'),
(36, 145, 'High Damage', 'High damage flagged', '2026-03-14', 'Resolved'),
(37, 150, 'Kill Spike', 'Kill spike anomaly', '2026-03-13', 'Pending'),
(38, 151, 'High Damage', 'Damage exceeds baseline', '2026-03-12', 'Under Review'),
(39, 152, 'High Accuracy', 'Accuracy above threshold', '2026-03-11', 'Resolved'),
(40, 155, 'High Damage', 'Damage anomaly detected', '2026-03-10', 'Pending'),
(41, 158, 'Kill Spike', 'High kill cluster detected', '2026-03-09', 'Under Review'),
(42, 160, 'High Damage', 'Damage spike flagged', '2026-03-08', 'Resolved'),
(43, 162, 'High Accuracy', 'Accuracy above expected', '2026-03-07', 'Pending'),
(44, 164, 'High Damage', 'Damage exceeds threshold', '2026-03-06', 'Under Review'),
(45, 169, 'Kill Spike', 'Kills concentrated unusually', '2026-03-05', 'Resolved'),
(46, 170, 'High Damage', 'Damage anomaly detected', '2026-03-04', 'Pending'),
(47, 174, 'High Accuracy', 'Accuracy spike observed', '2026-03-03', 'Under Review'),
(48, 175, 'High Damage', 'Damage exceeds expected range', '2026-03-02', 'Resolved'),
(49, 179, 'Kill Spike', 'Sudden kill spike', '2026-03-01', 'Pending'),
(50, 180, 'High Damage', 'Damage above expected', '2026-02-28', 'Under Review'),
(51, 1, 'High Accuracy', 'Accuracy anomaly detected', '2026-02-27', 'Resolved'),
(52, 4, 'High Damage', 'Damage spike relative to average', '2026-02-26', 'Pending'),
(53, 7, 'Kill Spike', 'High kill burst', '2026-02-25', 'Under Review'),
(54, 9, 'High Damage', 'Damage exceeds expected', '2026-02-24', 'Resolved'),
(55, 15, 'High Accuracy', 'Accuracy above normal range', '2026-02-23', 'Pending'),
(56, 20, 'High Damage', 'Damage anomaly detected', '2026-02-22', 'Under Review'),
(57, 23, 'Kill Spike', 'Kill spike detected', '2026-02-21', 'Resolved'),
(58, 24, 'High Damage', 'Damage exceeds threshold', '2026-02-20', 'Pending'),
(59, 28, 'High Accuracy', 'Accuracy above expected', '2026-02-19', 'Under Review'),
(60, 29, 'High Damage', 'Damage spike flagged', '2026-02-18', 'Resolved'),
(61, 34, 'Kill Spike', 'Kills above expected', '2026-02-17', 'Pending'),
(62, 42, 'High Damage', 'Damage anomaly detected', '2026-02-16', 'Under Review'),
(63, 45, 'High Accuracy', 'Accuracy spike detected', '2026-02-15', 'Resolved'),
(64, 46, 'High Damage', 'Damage above threshold', '2026-02-14', 'Pending'),
(65, 50, 'Kill Spike', 'Kill spike anomaly', '2026-02-13', 'Under Review'),
(66, 61, 'High Damage', 'Damage exceeds baseline', '2026-02-12', 'Resolved'),
(67, 62, 'High Accuracy', 'Accuracy anomaly', '2026-02-11', 'Pending'),
(68, 65, 'High Damage', 'Damage above expected', '2026-02-10', 'Under Review'),
(69, 68, 'Kill Spike', 'Kill burst anomaly', '2026-02-09', 'Resolved'),
(70, 70, 'High Damage', 'Damage spike detected', '2026-02-08', 'Pending'),
(71, 74, 'High Accuracy', 'Accuracy above threshold', '2026-02-07', 'Under Review'),
(72, 79, 'High Damage', 'Damage anomaly detected', '2026-02-06', 'Resolved'),
(73, 80, 'Kill Spike', 'Kills exceed expected', '2026-02-05', 'Pending'),
(74, 83, 'High Damage', 'Damage spike', '2026-02-04', 'Under Review'),
(75, 84, 'High Accuracy', 'Accuracy anomaly detected', '2026-02-03', 'Resolved'),
(76, 85, 'High Damage', 'Damage exceeds expected', '2026-02-02', 'Pending'),
(77, 87, 'Kill Spike', 'Kill spike observed', '2026-02-01', 'Under Review'),
(78, 89, 'High Damage', 'Damage above threshold', '2026-01-31', 'Resolved'),
(79, 92, 'High Accuracy', 'Accuracy spike detected', '2026-01-30', 'Pending'),
(80, 97, 'High Damage', 'Damage anomaly detected', '2026-01-29', 'Under Review'),
(81, 101, 'Kill Spike', 'Kills exceed expected', '2026-01-28', 'Resolved'),
(82, 103, 'High Damage', 'Damage spike flagged', '2026-01-27', 'Pending'),
(83, 109, 'High Accuracy', 'Accuracy above threshold', '2026-01-26', 'Under Review'),
(84, 112, 'High Damage', 'Damage anomaly', '2026-01-25', 'Resolved'),
(85, 113, 'Kill Spike', 'Kill spike detected', '2026-01-24', 'Pending'),
(86, 116, 'High Damage', 'Damage exceeds expected', '2026-01-23', 'Under Review'),
(87, 118, 'High Accuracy', 'Accuracy anomaly detected', '2026-01-22', 'Resolved'),
(88, 126, 'High Damage', 'Damage spike', '2026-01-21', 'Pending'),
(89, 130, 'Kill Spike', 'Kill anomaly detected', '2026-01-20', 'Under Review'),
(90, 135, 'High Damage', 'Damage above expected', '2026-01-19', 'Resolved'),
(91, 138, 'High Accuracy', 'Accuracy spike', '2026-01-18', 'Pending'),
(92, 139, 'High Damage', 'Damage anomaly', '2026-01-17', 'Under Review'),
(93, 142, 'Kill Spike', 'Kill spike', '2026-01-16', 'Resolved'),
(94, 145, 'High Damage', 'Damage exceeds threshold', '2026-01-15', 'Pending'),
(95, 150, 'High Accuracy', 'Accuracy above expected', '2026-01-14', 'Under Review'),
(96, 151, 'High Damage', 'Damage anomaly detected', '2026-01-13', 'Resolved'),
(97, 152, 'Kill Spike', 'Kills exceed baseline', '2026-01-12', 'Pending'),
(98, 155, 'High Damage', 'Damage spike', '2026-01-11', 'Under Review'),
(99, 158, 'High Accuracy', 'Accuracy anomaly', '2026-01-10', 'Resolved'),
(100, 160, 'High Damage', 'Damage exceeds expected', '2026-01-09', 'Pending'),
(101, 162, 'Kill Spike', 'Kill anomaly detected', '2026-01-08', 'Under Review'),
(102, 164, 'High Damage', 'Damage spike', '2026-01-07', 'Resolved'),
(103, 169, 'High Accuracy', 'Accuracy above threshold', '2026-01-06', 'Pending'),
(104, 170, 'High Damage', 'Damage anomaly', '2026-01-05', 'Under Review'),
(105, 174, 'Kill Spike', 'Kill spike detected', '2026-01-04', 'Resolved'),
(106, 175, 'High Damage', 'Damage exceeds expected', '2026-01-03', 'Pending'),
(107, 179, 'High Accuracy', 'Accuracy anomaly detected', '2026-01-02', 'Under Review'),
(108, 180, 'High Damage', 'Damage spike', '2026-01-01', 'Resolved'),
(109, 1, 'Kill Spike', 'Kills exceed expected', '2025-12-31', 'Pending'),
(110, 7, 'High Damage', 'Damage anomaly detected', '2025-12-30', 'Under Review'),
(111, 15, 'High Accuracy', 'Accuracy above threshold', '2025-12-29', 'Resolved'),
(112, 28, 'High Damage', 'Damage spike', '2025-12-28', 'Pending'),
(113, 29, 'Kill Spike', 'Kill anomaly detected', '2025-12-27', 'Under Review'),
(114, 46, 'High Damage', 'Damage exceeds expected', '2025-12-26', 'Resolved'),
(115, 50, 'High Accuracy', 'Accuracy spike', '2025-12-25', 'Pending'),
(116, 61, 'High Damage', 'Damage anomaly detected', '2025-12-24', 'Under Review'),
(117, 62, 'Kill Spike', 'Kills exceed expected', '2025-12-23', 'Resolved'),
(118, 65, 'High Damage', 'Damage spike', '2025-12-22', 'Pending'),
(119, 68, 'High Accuracy', 'Accuracy anomaly', '2025-12-21', 'Under Review'),
(120, 70, 'High Damage', 'Damage exceeds threshold', '2025-12-20', 'Resolved'),
(121, 74, 'Kill Spike', 'Kill spike detected', '2025-12-19', 'Pending'),
(122, 79, 'High Damage', 'Damage anomaly', '2025-12-18', 'Under Review'),
(123, 80, 'High Accuracy', 'Accuracy spike', '2025-12-17', 'Resolved'),
(124, 83, 'High Damage', 'Damage exceeds expected', '2025-12-16', 'Pending'),
(125, 84, 'Kill Spike', 'Kill anomaly detected', '2025-12-15', 'Under Review');

CREATE TABLE IF NOT EXISTS ArchivedMatch (
   archived_match_id INT AUTO_INCREMENT PRIMARY KEY,
   original_match_id INT,
   season_name VARCHAR(100),
   match_date DATE,
   archived_date DATE
);

INSERT INTO ArchivedMatch (archived_match_id, original_match_id, season_name, match_date, archived_date) VALUES
(1,  1,  'Season 16', '2023-02-14', '2024-02-14'),
(2,  2,  'Season 16', '2023-02-15', '2024-02-15'),
(3,  3,  'Season 16', '2023-02-16', '2024-02-16'),
(4,  4,  'Season 16', '2023-02-17', '2024-02-17'),
(5,  5,  'Season 16', '2023-02-18', '2024-02-18'),
(6,  6,  'Season 16', '2023-02-19', '2024-02-19'),
(7,  7,  'Season 16', '2023-02-20', '2024-02-20'),
(8,  8,  'Season 16', '2023-03-01', '2024-03-01'),
(9,  9,  'Season 16', '2023-03-05', '2024-03-05'),
(10, 10, 'Season 16', '2023-03-10', '2024-03-10'),
(11, 11, 'Season 16', '2023-03-15', '2024-03-15'),
(12, 12, 'Season 16', '2023-03-19', '2024-03-19'),
(13, 13, 'Season 17', '2023-04-22', '2024-04-22'),
(14, 14, 'Season 17', '2023-04-23', '2024-04-23'),
(15, 15, 'Season 17', '2023-04-24', '2024-04-24'),
(16, 16, 'Season 17', '2023-04-25', '2024-04-25'),
(17, 17, 'Season 17', '2023-05-01', '2024-05-01'),
(18, 18, 'Season 17', '2023-05-08', '2024-05-08'),
(19, 19, 'Season 17', '2023-05-15', '2024-05-15'),
(20, 20, 'Season 17', '2023-05-22', '2024-05-22'),
(21, 21, 'Season 17', '2023-06-01', '2024-06-01'),
(22, 22, 'Season 17', '2023-06-10', '2024-06-10'),
(23, 23, 'Season 17', '2023-06-18', '2024-06-18'),
(24, 24, 'Season 17', '2023-07-13', '2024-07-13'),
(25, 25, 'Season 17', '2023-07-13', '2024-07-13'),
(26, 26, 'Season 17', '2023-07-14', '2024-07-14'),
(27, 27, 'Season 17', '2023-07-14', '2024-07-14'),
(28, 28, 'Season 17', '2023-07-15', '2024-07-15'),
(29, 29, 'Season 17', '2023-07-15', '2024-07-15'),
(30, 30, 'Season 17', '2023-07-16', '2024-07-16'),
(31, 31, 'Season 17', '2023-07-16', '2024-07-16'),
(32, 32, 'Season 18', '2023-08-01', '2024-08-01'),
(33, 33, 'Season 18', '2023-08-02', '2024-08-02'),
(34, 34, 'Season 18', '2023-08-03', '2024-08-03'),
(35, 65, 'Season 13', '2022-07-07', '2023-07-07');

CREATE TABLE IF NOT EXISTS ArchivedPerformance (
   archived_performance_id INT PRIMARY KEY,
   original_performance_id INT,
   archived_match_id INT,
   player_id INT,
   kills INT,
   assists INT,
   damage FLOAT,
   accuracy_pct DECIMAL(5,2),
   placement INT,
   FOREIGN KEY (archived_match_id) REFERENCES ArchivedMatch(archived_match_id),
   FOREIGN KEY (original_performance_id) REFERENCES PlayerMatchPerformance(performance_id),
   FOREIGN KEY (player_id) REFERENCES Player(player_id)
);

INSERT INTO ArchivedPerformance (archived_performance_id, original_performance_id, archived_match_id, player_id, kills, assists, damage, accuracy_pct, placement) VALUES
(1, 100, 35, 26, 18, 14, 7200.75, 26.26, 7),
(2, 51, 25, 48, 8, 15, 5557.98, 24.47, 6),
(3, 116, 14, 2, 11, 33, 9493.2, 92.03, 5),
(4, 162, 6, 17, 18, 21, 3792.96, 6.58, 9),
(5, 172, 4, 32, 4, 13, 5901.08, 94.05, 4),
(6, 112, 17, 13, 1, 33, 2849.17, 32.98, 3),
(7, 22, 11, 50, 7, 22, 418.81, 10.98, 2),
(8, 3, 29, 53, 7, 30, 3030.21, 74.99, 8),
(9, 113, 8, 6, 10, 22, 4794.06, 92.36, 10),
(10, 53, 27, 56, 2, 21, 1060.48, 78.62, 5),
(11, 132, 13, 25, 5, 13, 1141.73, 8.67, 8),
(12, 165, 17, 43, 15, 23, 3925.54, 85.63, 1),
(13, 46, 11, 42, 8, 32, 2644.29, 67.97, 6),
(14, 141, 1, 19, 11, 10, 7553.77, 8.8, 4),
(15, 168, 21, 4, 5, 11, 2383.94, 47.89, 10),
(16, 34, 24, 14, 2, 37, 339.26, 40.66, 6),
(17, 169, 34, 54, 7, 31, 2428.75, 47.79, 2),
(18, 48, 25, 4, 9, 14, 2416.81, 74.25, 5),
(19, 147, 25, 59, 13, 37, 5222.09, 65.92, 9),
(20, 178, 8, 49, 3, 6, 7488.75, 44.18, 7),
(21, 75, 25, 42, 15, 13, 8968.09, 25.03, 10),
(22, 74, 34, 43, 8, 27, 6626.63, 82.55, 5),
(23, 81, 11, 31, 17, 30, 7737.04, 91.65, 1),
(24, 9, 22, 36, 13, 37, 4580.34, 7.93, 6),
(25, 61, 2, 48, 0, 6, 9273.86, 53.67, 10),
(26, 139, 25, 8, 1, 38, 8961.3, 91.25, 1),
(27, 146, 34, 20, 3, 12, 3271.49, 87.92, 8),
(28, 24, 14, 22, 4, 29, 9622.11, 72.76, 3),
(29, 15, 31, 34, 1, 13, 5152.5, 67.47, 1),
(30, 147, 10, 37, 9, 8, 3147.87, 22.49, 2),
(31, 132, 34, 22, 5, 17, 8826.33, 25.66, 4),
(32, 151, 27, 37, 9, 25, 5172.89, 51.15, 8),
(33, 59, 22, 45, 20, 5, 5808.16, 65.37, 7),
(34, 106, 25, 27, 6, 27, 5938.57, 48.84, 4),
(35, 51, 17, 30, 8, 25, 2024.87, 81.63, 3),
(36, 155, 13, 21, 20, 15, 6306.09, 54.04, 2),
(37, 103, 4, 47, 15, 30, 5809.07, 82.42, 6),
(38, 32, 12, 42, 11, 18, 9874.79, 95.16, 8),
(39, 125, 28, 43, 18, 27, 8128.55, 92.47, 7),
(40, 28, 2, 42, 1, 20, 7750.08, 7.36, 6),
(41, 16, 23, 12, 16, 31, 3325.9, 26.53, 6),
(42, 110, 32, 45, 14, 19, 9047.04, 8.37, 1),
(43, 128, 22, 6, 7, 6, 9262.81, 73.51, 5),
(44, 144, 20, 12, 10, 13, 5785.92, 90.89, 9),
(45, 100, 1, 23, 18, 37, 8832.7, 25.6, 10),
(46, 8, 10, 25, 3, 33, 5747.98, 28.3, 6),
(47, 114, 21, 43, 15, 37, 6117.99, 46.15, 3),
(48, 124, 18, 50, 12, 24, 9319.21, 55.44, 8),
(49, 54, 24, 17, 19, 21, 7126.47, 49.41, 8),
(50, 72, 22, 4, 0, 29, 6654.5, 59.71, 4),
(51, 20, 13, 48, 13, 16, 2653.66, 59.18, 7),
(52, 33, 22, 6, 17, 14, 9429.83, 31.75, 8),
(53, 121, 33, 50, 3, 39, 194.2, 26.18, 8),
(54, 80, 33, 42, 2, 7, 8964.19, 45.69, 10),
(55, 176, 18, 37, 16, 27, 3552.44, 81.85, 10),
(56, 100, 22, 15, 12, 23, 2362.53, 16.84, 1),
(57, 111, 30, 21, 4, 32, 5601.63, 27.87, 8),
(58, 102, 31, 54, 15, 10, 6370.69, 78.96, 9),
(59, 11, 3, 52, 4, 19, 5759.93, 83.22, 2),
(60, 173, 9, 28, 9, 25, 4425.6, 8.67, 1),
(61, 167, 1, 14, 18, 28, 7566.81, 98.45, 1),
(62, 131, 3, 39, 0, 10, 4508.38, 84.04, 5),
(63, 28, 23, 5, 8, 37, 6240.7, 70.59, 8),
(64, 36, 20, 6, 6, 18, 8725.0, 10.02, 6),
(65, 73, 26, 26, 11, 4, 1081.11, 89.4, 2),
(66, 46, 21, 3, 4, 19, 2107.34, 24.73, 6),
(67, 179, 14, 15, 17, 23, 6611.5, 51.95, 1),
(68, 87, 7, 15, 12, 37, 6280.34, 15.0, 6),
(69, 86, 20, 15, 10, 7, 489.44, 61.57, 10),
(70, 90, 6, 48, 17, 34, 3422.0, 55.19, 3),
(71, 150, 10, 34, 6, 34, 1967.28, 17.77, 4),
(72, 123, 23, 12, 17, 29, 4691.6, 58.3, 3),
(73, 27, 2, 51, 9, 32, 5404.43, 87.47, 3),
(74, 119, 12, 21, 1, 23, 1434.37, 76.26, 4),
(75, 156, 9, 17, 13, 23, 457.75, 50.19, 7),
(76, 31, 23, 40, 0, 30, 1633.86, 23.87, 6),
(77, 11, 23, 48, 6, 25, 938.32, 47.2, 5),
(78, 86, 27, 13, 14, 40, 8134.1, 10.43, 8),
(79, 27, 1, 10, 18, 32, 6408.77, 11.86, 9),
(80, 49, 31, 38, 3, 37, 3664.14, 1.2, 3),
(81, 162, 11, 29, 17, 26, 7931.51, 81.84, 2),
(82, 142, 31, 6, 11, 30, 397.77, 41.11, 7),
(83, 99, 20, 46, 5, 29, 3882.58, 73.5, 3),
(84, 144, 15, 25, 16, 1, 3310.1, 57.94, 3),
(85, 75, 23, 33, 15, 0, 5381.59, 63.67, 2),
(86, 174, 24, 59, 13, 5, 6814.61, 35.13, 8),
(87, 18, 5, 5, 2, 22, 7663.41, 20.8, 9),
(88, 115, 30, 51, 10, 18, 7060.12, 11.38, 2),
(89, 101, 33, 54, 14, 35, 4098.97, 37.71, 9),
(90, 85, 35, 8, 20, 5, 712.8, 31.92, 10),
(91, 101, 14, 35, 15, 9, 4795.41, 72.0, 3),
(92, 124, 8, 36, 7, 24, 6501.27, 9.02, 4),
(93, 156, 5, 14, 5, 24, 1505.85, 22.61, 4),
(94, 126, 29, 10, 19, 33, 2816.37, 82.45, 8),
(95, 173, 21, 56, 16, 12, 2764.53, 88.71, 4),
(96, 113, 21, 20, 6, 30, 5505.97, 25.67, 4),
(97, 134, 33, 1, 20, 5, 146.76, 22.23, 1),
(98, 159, 23, 51, 12, 1, 502.67, 14.8, 10),
(99, 129, 34, 16, 6, 9, 6375.88, 14.35, 4),
(100, 45, 14, 17, 6, 20, 6500.67, 88.7, 4),
(101, 55, 16, 7, 14, 28, 7234.56, 71.23, 1),
(102, 88, 19, 29, 9, 17, 4521.34, 55.67, 3),
(103, 62, 7, 11, 6, 31, 3847.92, 42.18, 5),
(104, 37, 26, 44, 11, 19, 6123.45, 63.89, 2),
(105, 143, 32, 58, 4, 23, 2934.71, 38.44, 7),
(106, 77, 3, 33, 17, 12, 8456.23, 79.56, 1),
(107, 108, 16, 9, 8, 26, 5678.34, 61.34, 4),
(108, 164, 28, 60, 3, 14, 2145.67, 29.87, 9),
(109, 42, 6, 19, 12, 35, 7890.12, 84.23, 2),
(110, 93, 30, 47, 7, 21, 4312.89, 48.76, 6),
(111, 118, 19, 38, 5, 16, 3021.45, 33.91, 8),
(112, 66, 11, 55, 16, 9, 8934.56, 88.45, 1),
(113, 145, 22, 24, 10, 28, 5567.23, 59.12, 4),
(114, 38, 4, 46, 2, 33, 1789.34, 22.67, 10),
(115, 97, 29, 31, 13, 18, 6234.78, 67.34, 3),
(116, 160, 17, 57, 8, 24, 4456.91, 51.23, 6),
(117, 43, 8, 3, 19, 11, 9123.45, 91.67, 1),
(118, 71, 33, 40, 4, 29, 2678.34, 36.78, 8),
(119, 130, 20, 52, 11, 16, 5901.23, 62.45, 4),
(120, 56, 13, 28, 7, 38, 3456.78, 44.89, 7),
(121, 177, 27, 16, 15, 22, 7812.34, 76.56, 2),
(122, 64, 5, 41, 3, 13, 2234.56, 31.23, 9),
(123, 109, 31, 53, 9, 27, 5123.67, 57.89, 5),
(124, 180, 24, 30, 18, 8, 8567.89, 82.34, 1),
(125, 76, 18, 22, 6, 32, 3789.45, 46.12, 7);

CREATE TABLE IF NOT EXISTS SystemReport (
   report_id INT PRIMARY KEY,
   report_type VARCHAR(100),
   generated_date DATE,
   report_scope VARCHAR(255),
   created_by VARCHAR(100),
   output_format VARCHAR(50)
);

INSERT INTO SystemReport (report_id, report_type, generated_date, report_scope, created_by, output_format) VALUES
(1,  'Performance Summary',    '2024-01-15', 'All Players Season 16',         'admin',      'PDF'),
(2,  'Match Analysis',         '2024-01-16', 'ALGS Pro League Split 1 2023',  'analyst',    'CSV'),
(3,  'Rank Distribution',      '2024-01-20', 'Global Season 16',              'admin',      'PDF'),
(4,  'Weapon Usage Report',    '2024-01-22', 'Season 16 All Matches',         'analyst',    'JSON'),
(5,  'Legend Pick Rate',       '2024-02-01', 'Season 16 Tournament Matches',  'analyst',    'CSV'),
(6,  'Damage Report',          '2024-02-05', 'Top 10 Players Season 16',      'admin',      'PDF'),
(7,  'Win Rate Analysis',      '2024-02-10', 'NA Region Season 16',           'analyst',    'JSON'),
(8,  'Kill Feed Summary',      '2024-02-15', 'ALGS Year 3 Championships',     'admin',      'CSV'),
(9,  'Placement Report',       '2024-02-20', 'Season 17 All Players',         'analyst',    'PDF'),
(10, 'Accuracy Report',        '2024-03-01', 'Season 17 Ranked Matches',      'admin',      'JSON'),
(11, 'Meta Trend Analysis',    '2024-03-05', 'Season 17 Patch 17.1',          'analyst',    'PDF'),
(12, 'Team Composition',       '2024-03-10', 'ALGS Pro League Split 2 2023',  'admin',      'CSV'),
(13, 'Audit Summary',          '2024-03-15', 'Season 17 Flagged Matches',     'admin',      'PDF'),
(14, 'Player Progression',     '2024-03-20', 'EU Region Season 17',           'analyst',    'JSON'),
(15, 'Knockdown Report',       '2024-04-01', 'Season 17 Tournament Matches',  'analyst',    'CSV'),
(16, 'Survival Time Report',   '2024-04-05', 'All Regions Season 17',         'admin',      'PDF'),
(17, 'Rank Points Change',     '2024-04-10', 'Season 17 Ranked Players',      'analyst',    'JSON'),
(18, 'Legend Win Rate',        '2024-04-15', 'Season 17 All Matches',         'admin',      'CSV'),
(19, 'Match Duration Report',  '2024-04-20', 'Season 18 All Matches',         'analyst',    'PDF'),
(20, 'Import Batch Summary',   '2024-04-25', 'Q1 2024 Data Imports',          'admin',      'JSON'),
(21, 'Performance Summary',    '2024-05-01', 'All Players Season 18',         'admin',      'PDF'),
(22, 'Weapon Meta Report',     '2024-05-05', 'Season 18 Patch 18.1',          'analyst',    'CSV'),
(23, 'Region Comparison',      '2024-05-10', 'NA vs EU Season 18',            'analyst',    'JSON'),
(24, 'Goal Completion Rate',   '2024-05-15', 'All Players Q1 2024',           'admin',      'PDF'),
(25, 'Tournament Analysis',    '2024-05-20', 'ALGS Year 4 Championships',     'analyst',    'CSV'),
(26, 'Damage Per Match',       '2024-06-01', 'Season 20 All Players',         'admin',      'JSON'),
(27, 'Kill Death Ratio',       '2024-06-05', 'Season 20 Ranked Players',      'analyst',    'PDF'),
(28, 'Legend Class Report',    '2024-06-10', 'Season 20 Tournament Matches',  'admin',      'CSV'),
(29, 'Archive Summary',        '2024-06-15', 'Season 16-17 Archived Data',    'admin',      'JSON'),
(30, 'Player Activity Report', '2024-06-20', 'All Players Q2 2024',           'analyst',    'PDF'),
(31, 'Map Location Heatmap',   '2024-07-01', 'Season 20 Death Locations',     'analyst',    'JSON'),
(32, 'Win Flag Analysis',      '2024-07-05', 'Season 21 All Matches',         'admin',      'CSV'),
(33, 'Accuracy Trend',         '2024-07-10', 'Top 20 Players Season 21',      'analyst',    'PDF'),
(34, 'DataSource Health',      '2024-07-15', 'All Active Data Sources',       'admin',      'JSON'),
(35, 'Season End Report',      '2024-07-20', 'Season 21 Full Summary',        'admin',      'PDF');